YEAR Code,YEAR,AREA Code,AREA,/ITEMS,A1101_Total population (Both sexes)[person],Annotation,A1303_Total population (65 and over)[person],Annotation,A4101_Number of live births[person],Annotation,A4200_Number of deaths[person],Annotation,A5103_Number of in-migrants from other municipalities[person],Annotation,A5104_Number of out-migrants to other municipalities[person],Annotation,B1102_Total land area (Incl. the northern territories and Takeshima)[ha],Annotation,B1103_Inhabitable area[ha],Annotation,"C210710_Number of establishments (Electricity, gas, heat supply and water)[number of establishments]",Annotation,C210712_Number of establishments (Transport and postal activities)[number of establishments],Annotation,C210713_Number of establishments (Wholesale and retail trade)[number of establishments],Annotation,C3109_Area of abandoned cropland[ha],Annotation,D320303_Total welfare expenditure (Municipality)[thousand yen],Annotation,E1101_Number of kindergartens[number of kindergartens],Annotation,E2101_Number of elementary schools[number of schools],Annotation,E3101_Number of lower secondary schools[number of schools],Annotation,E4101_Number of upper secondary schools[number of schools],Annotation,F1102_(Population census) Number of employed persons[person],Annotation,"I1101_Life expectancy (0 years old, Male)[years]",Annotation,"I1102_Life expectancy (0 years old, Female)[years]",Annotation,I5101_Number of hospitals[number of hospitals],Annotation,I5102_Number of general clinics[number of clinics],Annotation,I5103_Number of dental clinics[number of clinics],Annotation,J2301_Number of welfare institutions for the aged (Questionnaire about details)[number of establishments],Annotation,K4201_Number of recognitions of criminal offenses[number of cases],Annotation
1980100000,1980,35502,Yamaguchi-ken Abu-cho,,"6,272",,"1,172",,***,,78,,***,,***,,***,,***,,***,,***,,***,,***,,***,,0,,3,,3,,1,,"3,610",,***,,***,,***,,-,,***,,***,,15,
1980100000,1980,36201,Tokushima-ken Tokushima-shi,,"249,343",,"24,017",,***,,"1,688",,***,,***,,***,,***,,***,,***,,***,,***,,***,,36,,34,,18,,14,,"118,559",,***,,***,,***,,255,,***,,***,,"4,455",
1980100000,1980,36202,Tokushima-ken Naruto-shi,,"63,423",,"7,783",,***,,544,,***,,***,,***,,***,,***,,***,,***,,***,,***,,22,,19,,6,,4,,"31,565",,***,,***,,***,,43,,***,,***,,613,
1980100000,1980,36203,Tokushima-ken Komatsushima-shi,,"43,636",,"4,468",,***,,293,,***,,***,,***,,***,,***,,***,,***,,***,,***,,11,,11,,3,,2,,"20,958",,***,,***,,***,,30,,***,,***,,660,
1980100000,1980,36204,Tokushima-ken Anan-shi,,"82,715",,"9,555",,***,,660,,***,,***,,***,,***,,***,,***,,***,,***,,***,,17,,28,,11,,6,,"40,958",,***,,***,,***,,53,,***,,***,,776,
1980100000,1980,36205,Tokushima-ken Yoshinogawa-shi,,"48,677",,"6,596",,***,,464,,***,,***,,***,,***,,***,,***,,***,,***,,***,,19,,19,,5,,2,,"23,968",,***,,***,,***,,40,,***,,***,,564,
1980100000,1980,36206,Tokushima-ken Awa-shi,,"43,823",,"5,845",,***,,404,,***,,***,,***,,***,,***,,***,,***,,***,,***,,12,,14,,5,,3,,"22,423",,***,,***,,***,,27,,***,,***,,285,
1980100000,1980,36207,Tokushima-ken Mima-shi,,"41,642",,"6,079",,***,,467,,***,,***,,***,,***,,***,,***,,***,,***,,***,,26,,32,,12,,5,,"20,096",,***,,***,,***,,23,,***,,***,,351,
1980100000,1980,36208,Tokushima-ken Miyoshi-shi,,"47,057",,"7,428",,***,,504,,***,,***,,***,,***,,***,,***,,***,,***,,***,,29,,46,,8,,4,,"23,482",,***,,***,,***,,36,,***,,***,,431,
1980100000,1980,36301,Tokushima-ken Katsuura-cho,,"7,811",,"1,143",,***,,92,,***,,***,,***,,***,,***,,***,,***,,***,,***,,1,,3,,1,,1,,"4,195",,***,,***,,***,,3,,***,,***,,33,
1980100000,1980,36302,Tokushima-ken Kamikatsu-cho,,"2,918",,546,,***,,34,,***,,***,,***,,***,,***,,***,,***,,***,,***,,4,,4,,2,,0,,"1,712",,***,,***,,***,,3,,***,,***,,4,
1980100000,1980,36321,Tokushima-ken Sanagouchi-son,,"3,828",,625,,***,,47,,***,,***,,***,,***,,***,,***,,***,,***,,***,,0,,1,,1,,1,,"2,201",,***,,***,,***,,2,,***,,***,,5,
1980100000,1980,36341,Tokushima-ken Ishii-cho,,"24,434",,"2,847",,***,,180,,***,,***,,***,,***,,***,,***,,***,,***,,***,,6,,6,,2,,1,,"11,969",,***,,***,,***,,16,,***,,***,,222,
1980100000,1980,36342,Tokushima-ken Kamiyama-cho,,"11,156",,"1,965",,***,,138,,***,,***,,***,,***,,***,,***,,***,,***,,***,,6,,9,,3,,1,,"6,328",,***,,***,,***,,10,,***,,***,,54,
1980100000,1980,36368,Tokushima-ken Naka-cho,,"14,360",,"2,239",,***,,124,,***,,***,,***,,***,,***,,***,,***,,***,,***,,5,,12,,6,,3,,"7,988",,***,,***,,***,,11,,***,,***,,61,
1980100000,1980,36383,Tokushima-ken Mugi-cho,,"7,697",,"1,247",,***,,88,,***,,***,,***,,***,,***,,***,,***,,***,,***,,0,,3,,1,,0,,"3,656",,***,,***,,***,,6,,***,,***,,37,
1980100000,1980,36387,Tokushima-ken Minami-cho,,"11,866",,"2,112",,***,,162,,***,,***,,***,,***,,***,,***,,***,,***,,***,,3,,7,,4,,2,,"5,562",,***,,***,,***,,6,,***,,***,,93,
1980100000,1980,36388,Tokushima-ken Kaiyo-cho,,"14,397",,"2,511",,***,,145,,***,,***,,***,,***,,***,,***,,***,,***,,***,,4,,9,,3,,2,,"7,002",,***,,***,,***,,7,,***,,***,,110,
1980100000,1980,36401,Tokushima-ken Matsushige-cho,,"10,196",,927,,***,,116,,***,,***,,***,,***,,***,,***,,***,,***,,***,,4,,3,,1,,0,,"4,869",,***,,***,,***,,6,,***,,***,,133,
1980100000,1980,36402,Tokushima-ken Kitajima-cho,,"16,466",,"1,286",,***,,78,,***,,***,,***,,***,,***,,***,,***,,***,,***,,3,,3,,1,,1,,"8,039",,***,,***,,***,,9,,***,,***,,135,
1980100000,1980,36403,Tokushima-ken Aizumi-cho,,"19,713",,"1,445",,***,,116,,***,,***,,***,,***,,***,,***,,***,,***,,***,,2,,3,,1,,0,,"9,380",,***,,***,,***,,14,,***,,***,,239,
1980100000,1980,36404,Tokushima-ken Itano-cho,,"13,562",,"1,594",,***,,129,,***,,***,,***,,***,,***,,***,,***,,***,,***,,4,,4,,1,,1,,"6,245",,***,,***,,***,,9,,***,,***,,102,
1980100000,1980,36405,Tokushima-ken Kamiita-cho,,"12,074",,"1,472",,***,,117,,***,,***,,***,,***,,***,,***,,***,,***,,***,,4,,4,,1,,0,,"6,284",,***,,***,,***,,6,,***,,***,,88,
1980100000,1980,36468,Tokushima-ken Tsurugi-cho,,"18,857",,"2,995",,***,,228,,***,,***,,***,,***,,***,,***,,***,,***,,***,,20,,22,,4,,3,,"8,829",,***,,***,,***,,14,,***,,***,,217,
1980100000,1980,36489,Tokushima-ken Higashimiyoshi-cho,,"15,610",,"2,179",,***,,185,,***,,***,,***,,***,,***,,***,,***,,***,,***,,9,,11,,2,,0,,"8,346",,***,,***,,***,,11,,***,,***,,103,
1980100000,1980,37201,Kagawa-ken Takamatsu-shi,,"386,547",,"37,149",,***,,"2,333",,***,,***,,***,,***,,***,,***,,***,,***,,***,,62,,56,,24,,11,,"186,756",,***,,***,,***,,250,,***,,***,,-,
1980100000,1980,37202,Kagawa-ken Marugame-shi,,"94,849",,"11,375",,***,,667,,***,,***,,***,,***,,***,,***,,***,,***,,***,,15,,20,,9,,5,,"46,829",,***,,***,,***,,61,,***,,***,,-,
1980100000,1980,37203,Kagawa-ken Sakaide-shi,,"66,290",,"8,362",,***,,500,,***,,***,,***,,***,,***,,***,,***,,***,,***,,17,,17,,9,,4,,"32,184",,***,,***,,***,,58,,***,,***,,-,
1980100000,1980,37204,Kagawa-ken Zentsuji-shi,,"38,080",,"4,279",,***,,318,,***,,***,,***,,***,,***,,***,,***,,***,,***,,9,,8,,2,,3,,"18,559",,***,,***,,***,,31,,***,,***,,-,
1980100000,1980,37205,Kagawa-ken Kanonji-shi,,"68,435",,"9,210",,***,,569,,***,,***,,***,,***,,***,,***,,***,,***,,***,,16,,14,,5,,3,,"36,179",,***,,***,,***,,51,,***,,***,,-,
1980100000,1980,37206,Kagawa-ken Sanuki-shi,,"55,576",,"7,574",,***,,462,,***,,***,,***,,***,,***,,***,,***,,***,,***,,18,,17,,6,,4,,"28,676",,***,,***,,***,,25,,***,,***,,-,
1980100000,1980,37207,Kagawa-ken Higashikagawa-shi,,"43,110",,"5,280",,***,,356,,***,,***,,***,,***,,***,,***,,***,,***,,***,,10,,12,,4,,2,,"22,811",,***,,***,,***,,26,,***,,***,,-,
1980100000,1980,37208,Kagawa-ken Mitoyo-shi,,"77,939",,"11,735",,***,,716,,***,,***,,***,,***,,***,,***,,***,,***,,***,,25,,26,,8,,3,,"41,164",,***,,***,,***,,34,,***,,***,,-,
1980100000,1980,37322,Kagawa-ken Tonosho-cho,,"21,398",,"3,203",,***,,237,,***,,***,,***,,***,,***,,***,,***,,***,,***,,8,,8,,2,,1,,"10,638",,***,,***,,***,,14,,***,,***,,-,
1980100000,1980,37324,Kagawa-ken Shodoshima-cho,,"22,170",,"3,621",,***,,224,,***,,***,,***,,***,,***,,***,,***,,***,,***,,13,,7,,2,,1,,"10,760",,***,,***,,***,,11,,***,,***,,-,
1980100000,1980,37341,Kagawa-ken Miki-cho,,"24,989",,"3,206",,***,,182,,***,,***,,***,,***,,***,,***,,***,,***,,***,,10,,6,,3,,1,,"13,172",,***,,***,,***,,10,,***,,***,,-,
1980100000,1980,37364,Kagawa-ken Naoshima-cho,,"5,302",,602,,***,,28,,***,,***,,***,,***,,***,,***,,***,,***,,***,,1,,1,,1,,0,,"2,476",,***,,***,,***,,1,,***,,***,,-,
1980100000,1980,37386,Kagawa-ken Utazu-cho,,"11,341",,"1,159",,***,,78,,***,,***,,***,,***,,***,,***,,***,,***,,***,,2,,1,,1,,0,,"5,331",,***,,***,,***,,4,,***,,***,,-,
1980100000,1980,37387,Kagawa-ken Ayagawa-cho,,"24,017",,"3,511",,***,,236,,***,,***,,***,,***,,***,,***,,***,,***,,***,,2,,10,,2,,1,,"12,898",,***,,***,,***,,12,,***,,***,,-,
1980100000,1980,37403,Kagawa-ken Kotohira-cho,,"13,807",,"2,115",,***,,118,,***,,***,,***,,***,,***,,***,,***,,***,,***,,3,,3,,1,,1,,"6,875",,***,,***,,***,,10,,***,,***,,-,
1980100000,1980,37404,Kagawa-ken Tadotsu-cho,,"22,965",,"3,046",,***,,187,,***,,***,,***,,***,,***,,***,,***,,***,,***,,4,,6,,3,,2,,"11,428",,***,,***,,***,,19,,***,,***,,-,
1980100000,1980,37406,Kagawa-ken Manno-cho,,"23,049",,"3,604",,***,,207,,***,,***,,***,,***,,***,,***,,***,,***,,***,,8,,10,,3,,0,,"12,636",,***,,***,,***,,8,,***,,***,,-,
1980100000,1980,38201,Ehime-ken Matsuyama-shi,,"442,147",,"39,471",,***,,"2,630",,***,,***,,***,,***,,***,,***,,***,,***,,***,,58,,56,,31,,16,,"197,887",,***,,***,,***,,326,,***,,***,,"8,952",
1980100000,1980,38202,Ehime-ken Imabari-shi,,"197,818",,"24,696",,***,,"1,549",,***,,***,,***,,***,,***,,***,,***,,***,,***,,22,,43,,20,,9,,"95,178",,***,,***,,***,,100,,***,,***,,"2,597",
1980100000,1980,38203,Ehime-ken Uwajima-shi,,"110,920",,"14,921",,***,,"1,056",,***,,***,,***,,***,,***,,***,,***,,***,,***,,16,,44,,7,,7,,"54,795",,***,,***,,***,,78,,***,,***,,"1,339",
1980100000,1980,38204,Ehime-ken Yawatahama-shi,,"55,757",,"7,089",,***,,474,,***,,***,,***,,***,,***,,***,,***,,***,,***,,7,,19,,8,,3,,"27,041",,***,,***,,***,,49,,***,,***,,566,
1980100000,1980,38205,Ehime-ken Niihama-shi,,"132,736",,"13,108",,***,,829,,***,,***,,***,,***,,***,,***,,***,,***,,***,,15,,18,,11,,5,,"58,604",,***,,***,,***,,94,,***,,***,,"2,098",
1980100000,1980,38206,Ehime-ken Saijo-shi,,"112,961",,"14,288",,***,,893,,***,,***,,***,,***,,***,,***,,***,,***,,***,,18,,31,,11,,5,,"54,212",,***,,***,,***,,73,,***,,***,,"1,770",
1980100000,1980,38207,Ehime-ken Ozu-shi,,"57,014",,"8,088",,***,,521,,***,,***,,***,,***,,***,,***,,***,,***,,***,,11,,32,,12,,6,,"29,467",,***,,***,,***,,49,,***,,***,,408,
1980100000,1980,38210,Ehime-ken Iyo-shi,,"42,842",,"5,564",,***,,358,,***,,***,,***,,***,,***,,***,,***,,***,,***,,6,,12,,6,,2,,"21,965",,***,,***,,***,,16,,***,,***,,309,
1980100000,1980,38213,Ehime-ken Shikokuchuo-shi,,"95,168",,"10,956",,***,,680,,***,,***,,***,,***,,***,,***,,***,,***,,***,,15,,25,,7,,3,,"47,012",,***,,***,,***,,48,,***,,***,,"1,153",
1980100000,1980,38214,Ehime-ken Seiyo-shi,,"56,175",,"8,826",,***,,552,,***,,***,,***,,***,,***,,***,,***,,***,,***,,7,,28,,8,,4,,"29,112",,***,,***,,***,,42,,***,,***,,318,
1980100000,1980,38215,Ehime-ken Toon-shi,,"29,276",,"3,292",,***,,206,,***,,***,,***,,***,,***,,***,,***,,***,,***,,7,,7,,2,,1,,"14,250",,***,,***,,***,,12,,***,,***,,168,
1980100000,1980,38356,Ehime-ken Kamijima-cho,,"12,669",,"1,682",,***,,100,,***,,***,,***,,***,,***,,***,,***,,***,,***,,2,,6,,5,,2,,"5,407",,***,,***,,***,,7,,***,,***,,83,
1980100000,1980,38386,Ehime-ken Kumakogen-cho,,"16,225",,"2,892",,***,,214,,***,,***,,***,,***,,***,,***,,***,,***,,***,,8,,19,,9,,1,,"8,995",,***,,***,,***,,14,,***,,***,,112,
1980100000,1980,38401,Ehime-ken Masaki-cho,,"27,568",,"2,811",,***,,138,,***,,***,,***,,***,,***,,***,,***,,***,,***,,4,,3,,3,,0,,"12,570",,***,,***,,***,,9,,***,,***,,259,
1980100000,1980,38402,Ehime-ken Tobe-cho,,"17,958",,"1,829",,***,,107,,***,,***,,***,,***,,***,,***,,***,,***,,***,,4,,6,,2,,1,,"8,811",,***,,***,,***,,5,,***,,***,,116,
1980100000,1980,38422,Ehime-ken Uchiko-cho,,"25,336",,"3,778",,***,,229,,***,,***,,***,,***,,***,,***,,***,,***,,***,,6,,15,,6,,2,,"13,745",,***,,***,,***,,18,,***,,***,,248,
1980100000,1980,38442,Ehime-ken Ikata-cho,,"18,753",,"3,229",,***,,227,,***,,***,,***,,***,,***,,***,,***,,***,,***,,0,,19,,7,,1,,"9,173",,***,,***,,***,,19,,***,,***,,52,
1980100000,1980,38484,Ehime-ken Matsuno-cho,,"5,912",,992,,***,,64,,***,,***,,***,,***,,***,,***,,***,,***,,***,,0,,3,,1,,0,,"3,093",,***,,***,,***,,5,,***,,***,,36,
1980100000,1980,38488,Ehime-ken Kihoku-cho,,"15,602",,"2,625",,***,,170,,***,,***,,***,,***,,***,,***,,***,,***,,***,,0,,8,,2,,2,,"8,309",,***,,***,,***,,9,,***,,***,,71,
1980100000,1980,38506,Ehime-ken Ainan-cho,,"33,800",,"4,592",,***,,322,,***,,***,,***,,***,,***,,***,,***,,***,,***,,1,,23,,13,,1,,"15,795",,***,,***,,***,,19,,***,,***,,236,
1980100000,1980,39201,Kochi-ken Kochi-shi,,"318,266",,"31,776",,***,,"2,221",,***,,***,,***,,***,,***,,***,,***,,***,,***,,20,,42,,23,,15,,"154,079",,***,,***,,***,,228,,***,,***,,"5,810",
1980100000,1980,39202,Kochi-ken Muroto-shi,,"26,086",,"3,250",,***,,257,,***,,***,,***,,***,,***,,***,,***,,***,,***,,0,,11,,7,,3,,"10,795",,***,,***,,***,,16,,***,,***,,219,
1980100000,1980,39203,Kochi-ken Aki-shi,,"25,022",,"3,408",,***,,220,,***,,***,,***,,***,,***,,***,,***,,***,,***,,1,,14,,6,,2,,"12,952",,***,,***,,***,,11,,***,,***,,227,
1980100000,1980,39204,Kochi-ken Nankoku-shi,,"44,866",,"5,877",,***,,400,,***,,***,,***,,***,,***,,***,,***,,***,,***,,3,,13,,4,,2,,"23,123",,***,,***,,***,,27,,***,,***,,608,
1980100000,1980,39205,Kochi-ken Tosa-shi,,"31,677",,"4,424",,***,,277,,***,,***,,***,,***,,***,,***,,***,,***,,***,,1,,10,,3,,2,,"16,298",,***,,***,,***,,15,,***,,***,,164,
1980100000,1980,39206,Kochi-ken Susaki-shi,,"31,852",,"4,048",,***,,290,,***,,***,,***,,***,,***,,***,,***,,***,,***,,1,,11,,6,,3,,"16,131",,***,,***,,***,,12,,***,,***,,295,
1980100000,1980,39208,Kochi-ken Sukumo-shi,,"26,080",,"3,373",,***,,225,,***,,***,,***,,***,,***,,***,,***,,***,,***,,1,,16,,9,,3,,"12,956",,***,,***,,***,,15,,***,,***,,220,
1980100000,1980,39209,Kochi-ken Tosashimizu-shi,,"24,252",,"3,654",,***,,248,,***,,***,,***,,***,,***,,***,,***,,***,,***,,1,,20,,7,,1,,"10,738",,***,,***,,***,,15,,***,,***,,131,
1980100000,1980,39210,Kochi-ken Shimanto-shi,,"40,315",,"5,619",,***,,405,,***,,***,,***,,***,,***,,***,,***,,***,,***,,1,,29,,12,,3,,"20,646",,***,,***,,***,,30,,***,,***,,471,
1980100000,1980,39211,Kochi-ken Konan-shi,,"28,493",,"4,444",,***,,276,,***,,***,,***,,***,,***,,***,,***,,***,,***,,3,,9,,4,,1,,"15,152",,***,,***,,***,,22,,***,,***,,227,
1980100000,1980,39212,Kochi-ken Kami-shi,,"33,878",,"5,762",,***,,391,,***,,***,,***,,***,,***,,***,,***,,***,,***,,2,,14,,6,,2,,"18,507",,***,,***,,***,,18,,***,,***,,516,
1980100000,1980,39301,Kochi-ken Toyo-cho,,"4,943",,802,,***,,51,,***,,***,,***,,***,,***,,***,,***,,***,,***,,0,,4,,2,,1,,"2,100",,***,,***,,***,,3,,***,,***,,30,
1980100000,1980,39302,Kochi-ken Nahari-cho,,"4,874",,830,,***,,69,,***,,***,,***,,***,,***,,***,,***,,***,,***,,0,,3,,1,,0,,"2,178",,***,,***,,***,,5,,***,,***,,39,
1980100000,1980,39303,Kochi-ken Tano-cho,,"4,149",,644,,***,,37,,***,,***,,***,,***,,***,,***,,***,,***,,***,,0,,1,,1,,1,,"2,141",,***,,***,,***,,4,,***,,***,,29,
1980100000,1980,39304,Kochi-ken Yasuda-cho,,"4,428",,704,,***,,47,,***,,***,,***,,***,,***,,***,,***,,***,,***,,0,,3,,2,,0,,"2,420",,***,,***,,***,,4,,***,,***,,29,
1980100000,1980,39305,Kochi-ken Kitagawa-mura,,"1,907",,387,,***,,25,,***,,***,,***,,***,,***,,***,,***,,***,,***,,0,,1,,1,,0,,"1,146",,***,,***,,***,,0,,***,,***,,5,
1980100000,1980,39306,Kochi-ken Umaji-mura,,"1,740",,235,,***,,18,,***,,***,,***,,***,,***,,***,,***,,***,,***,,0,,2,,2,,0,,"1,061",,***,,***,,***,,2,,***,,***,,4,
1980100000,1980,39307,Kochi-ken Geisei-mura,,"4,653",,865,,***,,82,,***,,***,,***,,***,,***,,***,,***,,***,,***,,1,,1,,1,,0,,"2,510",,***,,***,,***,,4,,***,,***,,37,
1980100000,1980,39341,Kochi-ken Motoyama-cho,,"6,011",,"1,028",,***,,50,,***,,***,,***,,***,,***,,***,,***,,***,,***,,1,,3,,2,,1,,"3,073",,***,,***,,***,,2,,***,,***,,43,
1980100000,1980,39344,Kochi-ken Otoyo-cho,,"9,411",,"2,012",,***,,138,,***,,***,,***,,***,,***,,***,,***,,***,,***,,0,,11,,4,,0,,"5,251",,***,,***,,***,,6,,***,,***,,43,
1980100000,1980,39363,Kochi-ken Tosa-cho,,"6,663",,"1,126",,***,,78,,***,,***,,***,,***,,***,,***,,***,,***,,***,,0,,9,,6,,0,,"3,740",,***,,***,,***,,2,,***,,***,,57,
1980100000,1980,39364,Kochi-ken Okawa-mura,,906,,166,,***,,11,,***,,***,,***,,***,,***,,***,,***,,***,,***,,0,,3,,1,,0,,510,,***,,***,,***,,2,,***,,***,,3,
1980100000,1980,39386,Kochi-ken Ino-cho,,"29,036",,"4,229",,***,,265,,***,,***,,***,,***,,***,,***,,***,,***,,***,,7,,22,,10,,2,,"14,917",,***,,***,,***,,20,,***,,***,,220,
1980100000,1980,39387,Kochi-ken Niyodogawa-cho,,"11,672",,"2,476",,***,,155,,***,,***,,***,,***,,***,,***,,***,,***,,***,,4,,12,,5,,1,,"5,711",,***,,***,,***,,8,,***,,***,,45,
1980100000,1980,39401,Kochi-ken Nakatosa-cho,,"10,753",,"1,861",,***,,112,,***,,***,,***,,***,,***,,***,,***,,***,,***,,1,,7,,4,,1,,"5,289",,***,,***,,***,,6,,***,,***,,50,
1980100000,1980,39402,Kochi-ken Sakawa-cho,,"16,114",,"2,432",,***,,158,,***,,***,,***,,***,,***,,***,,***,,***,,***,,0,,4,,3,,1,,"8,148",,***,,***,,***,,8,,***,,***,,108,
1980100000,1980,39403,Kochi-ken Ochi-cho,,"9,052",,"1,581",,***,,100,,***,,***,,***,,***,,***,,***,,***,,***,,***,,1,,6,,2,,0,,"4,745",,***,,***,,***,,3,,***,,***,,68,
1980100000,1980,39405,Kochi-ken Yusuhara-cho,,"5,750",,960,,***,,50,,***,,***,,***,,***,,***,,***,,***,,***,,***,,2,,8,,3,,1,,"2,993",,***,,***,,***,,3,,***,,***,,7,
1980100000,1980,39410,Kochi-ken Hidaka-mura,,"6,100",,886,,***,,64,,***,,***,,***,,***,,***,,***,,***,,***,,***,,0,,2,,1,,0,,"3,146",,***,,***,,***,,3,,***,,***,,27,
1980100000,1980,39411,Kochi-ken Tsuno-cho,,"8,712",,"1,685",,***,,118,,***,,***,,***,,***,,***,,***,,***,,***,,***,,7,,8,,2,,0,,"4,310",,***,,***,,***,,7,,***,,***,,14,
1980100000,1980,39412,Kochi-ken Shimanto-cho,,"26,438",,"4,370",,***,,264,,***,,***,,***,,***,,***,,***,,***,,***,,***,,1,,26,,9,,2,,"14,029",,***,,***,,***,,18,,***,,***,,243,
1980100000,1980,39424,Kochi-ken Otsuki-cho,,"8,865",,"1,382",,***,,100,,***,,***,,***,,***,,***,,***,,***,,***,,***,,0,,13,,5,,1,,"4,069",,***,,***,,***,,8,,***,,***,,26,
1980100000,1980,39427,Kochi-ken Mihara-mura,,"2,195",,372,,***,,26,,***,,***,,***,,***,,***,,***,,***,,***,,***,,0,,1,,1,,0,,"1,242",,***,,***,,***,,1,,***,,***,,3,
1980100000,1980,39428,Kochi-ken Kuroshio-cho,,"16,116",,"2,448",,***,,207,,***,,***,,***,,***,,***,,***,,***,,***,,***,,1,,14,,2,,1,,"8,298",,***,,***,,***,,8,,***,,***,,71,
1980100000,1980,40100,Fukuoka-ken Kitakyushu-shi,,"1,065,078",,"92,691",,***,,"6,575",,***,,***,,***,,***,,***,,***,,***,,***,,***,,132,,137,,70,,40,,"454,512",,***,,***,,***,,-,,***,,***,,"16,720",
1980100000,1980,40101,Fukuoka-ken Kitakyushu-shi Moji-ku,,"142,222",,"15,127",,***,,"1,053",,***,,***,,***,,***,,***,,***,,***,,***,,***,,19,,21,,10,,7,,"62,709",,***,,***,,***,,-,,***,,***,,"2,278",
1980100000,1980,40103,Fukuoka-ken Kitakyushu-shi Wakamatsu-ku,,"87,166",,"9,143",,***,,597,,***,,***,,***,,***,,***,,***,,***,,***,,***,,10,,12,,6,,3,,"38,775",,***,,***,,***,,-,,***,,***,,"1,058",
1980100000,1980,40105,Fukuoka-ken Kitakyushu-shi Tobata-ku,,"80,797",,"7,553",,***,,568,,***,,***,,***,,***,,***,,***,,***,,***,,***,,10,,11,,8,,5,,"35,420",,***,,***,,***,,-,,***,,***,,"1,252",
1980100000,1980,40106,Fukuoka-ken Kitakyushu-shi Kokurakita-ku,,"217,204",,"18,028",,***,,"1,325",,***,,***,,***,,***,,***,,***,,***,,***,,***,,26,,23,,13,,8,,"95,344",,***,,***,,***,,-,,***,,***,,"5,499",
1980100000,1980,40107,Fukuoka-ken Kitakyushu-shi Kokuraminami-ku,,"181,740",,"11,591",,***,,873,,***,,***,,***,,***,,***,,***,,***,,***,,***,,22,,26,,10,,5,,"73,409",,***,,***,,***,,-,,***,,***,,"1,826",
1980100000,1980,40108,Fukuoka-ken Kitakyushu-shi Yahatahigashi-ku,,"107,880",,"12,543",,***,,876,,***,,***,,***,,***,,***,,***,,***,,***,,***,,18,,15,,8,,2,,"46,483",,***,,***,,***,,-,,***,,***,,"1,277",
1980100000,1980,40109,Fukuoka-ken Kitakyushu-shi Yahatanishi-ku,,"248,069",,"18,706",,***,,"1,283",,***,,***,,***,,***,,***,,***,,***,,***,,***,,27,,29,,15,,10,,"102,372",,***,,***,,***,,-,,***,,***,,"3,530",
1980100000,1980,40130,Fukuoka-ken Fukuoka-shi,,"1,088,588",,"74,785",,***,,"5,224",,***,,***,,***,,***,,***,,***,,***,,***,,***,,138,,125,,60,,36,,"488,825",,***,,***,,***,,-,,***,,***,,"17,197",
1980100000,1980,40131,Fukuoka-ken Fukuoka-shi Higashi-ku,,"197,197",,"13,337",,***,,922,,***,,***,,***,,***,,***,,***,,***,,***,,***,,23,,19,,10,,8,,"83,952",,***,,***,,***,,-,,***,,***,,"2,225",
1980100000,1980,40132,Fukuoka-ken Fukuoka-shi Hakata-ku,,"162,367",,"13,234",,***,,982,,***,,***,,***,,***,,***,,***,,***,,***,,***,,16,,21,,8,,4,,"82,614",,***,,***,,***,,-,,***,,***,,"4,557",
1980100000,1980,40133,Fukuoka-ken Fukuoka-shi Chuo-ku,,"123,614",,"10,552",,***,,671,,***,,***,,***,,***,,***,,***,,***,,***,,***,,19,,14,,5,,6,,"62,930",,***,,***,,***,,-,,***,,***,,"3,347",
1980100000,1980,40134,Fukuoka-ken Fukuoka-shi Minami-ku,,"211,485",,"13,403",,***,,894,,***,,***,,***,,***,,***,,***,,***,,***,,***,,27,,21,,12,,8,,"93,954",,***,,***,,***,,-,,***,,***,,"2,798",
1980100000,1980,40135,Fukuoka-ken Fukuoka-shi Nishi-ku,,"393,925",,"24,259",,***,,"1,755",,***,,***,,***,,***,,***,,***,,***,,***,,***,,53,,50,,25,,10,,"165,375",,***,,***,,***,,-,,***,,***,,"4,270",
1980100000,1980,40202,Fukuoka-ken Omuta-shi,,"163,000",,"20,702",,***,,"1,339",,***,,***,,***,,***,,***,,***,,***,,***,,***,,19,,24,,12,,9,,"68,587",,***,,***,,***,,-,,***,,***,,"1,953",
1980100000,1980,40203,Fukuoka-ken Kurume-shi,,"280,291",,"27,955",,***,,"1,843",,***,,***,,***,,***,,***,,***,,***,,***,,***,,31,,47,,17,,13,,"128,533",,***,,***,,***,,-,,***,,***,,"2,965",
1980100000,1980,40204,Fukuoka-ken Nogata-shi,,"62,595",,"6,559",,***,,472,,***,,***,,***,,***,,***,,***,,***,,***,,***,,9,,10,,4,,6,,"27,875",,***,,***,,***,,-,,***,,***,,947,
1980100000,1980,40205,Fukuoka-ken Iizuka-shi,,"135,852",,"16,533",,***,,"1,189",,***,,***,,***,,***,,***,,***,,***,,***,,***,,20,,25,,12,,8,,"59,409",,***,,***,,***,,-,,***,,***,,"2,107",
1980100000,1980,40206,Fukuoka-ken Tagawa-shi,,"60,077",,"8,231",,***,,585,,***,,***,,***,,***,,***,,***,,***,,***,,***,,10,,10,,8,,4,,"27,458",,***,,***,,***,,-,,***,,***,,966,
1980100000,1980,40207,Fukuoka-ken Yanagawa-shi,,"82,185",,"9,496",,***,,656,,***,,***,,***,,***,,***,,***,,***,,***,,***,,9,,19,,8,,3,,"38,765",,***,,***,,***,,-,,***,,***,,538,
1980100000,1980,40210,Fukuoka-ken Yame-shi,,"85,078",,"11,734",,***,,758,,***,,***,,***,,***,,***,,***,,***,,***,,***,,-,,38,,12,,5,,"43,362",,***,,***,,***,,-,,***,,***,,766,
1980100000,1980,40211,Fukuoka-ken Chikugo-shi,,"41,698",,"5,014",,***,,364,,***,,***,,***,,***,,***,,***,,***,,***,,***,,3,,11,,2,,2,,"20,016",,***,,***,,***,,-,,***,,***,,324,
1980100000,1980,40212,Fukuoka-ken Okawa-shi,,"49,537",,"5,091",,***,,385,,***,,***,,***,,***,,***,,***,,***,,***,,***,,7,,8,,4,,2,,"24,287",,***,,***,,***,,-,,***,,***,,300,
1980100000,1980,40213,Fukuoka-ken Yukuhashi-shi,,"61,838",,"6,017",,***,,438,,***,,***,,***,,***,,***,,***,,***,,***,,***,,5,,10,,6,,2,,"26,989",,***,,***,,***,,-,,***,,***,,799,
1980100000,1980,40214,Fukuoka-ken Buzen-shi,,"31,701",,"4,298",,***,,292,,***,,***,,***,,***,,***,,***,,***,,***,,***,,1,,15,,4,,2,,"15,287",,***,,***,,***,,-,,***,,***,,220,
1980100000,1980,40215,Fukuoka-ken Nakama-shi,,"48,647",,"4,074",,***,,323,,***,,***,,***,,***,,***,,***,,***,,***,,***,,7,,6,,3,,1,,"20,282",,***,,***,,***,,-,,***,,***,,605,
1980100000,1980,40216,Fukuoka-ken Ogori-shi,,"41,057",,"3,726",,***,,234,,***,,***,,***,,***,,***,,***,,***,,***,,***,,5,,6,,4,,1,,"18,274",,***,,***,,***,,-,,***,,***,,250,
1980100000,1980,40217,Fukuoka-ken Chikushino-shi,,"57,966",,"4,624",,***,,296,,***,,***,,***,,***,,***,,***,,***,,***,,***,,6,,9,,3,,4,,"25,280",,***,,***,,***,,-,,***,,***,,821,
1980100000,1980,40218,Fukuoka-ken Kasuga-shi,,"65,838",,"3,526",,***,,264,,***,,***,,***,,***,,***,,***,,***,,***,,***,,9,,8,,3,,1,,"29,578",,***,,***,,***,,-,,***,,***,,783,
1980100000,1980,40219,Fukuoka-ken Onojo-shi,,"64,109",,"3,408",,***,,257,,***,,***,,***,,***,,***,,***,,***,,***,,***,,8,,8,,4,,1,,"27,667",,***,,***,,***,,-,,***,,***,,766,
1980100000,1980,40220,Fukuoka-ken Munakata-shi,,"66,985",,"5,852",,***,,415,,***,,***,,***,,***,,***,,***,,***,,***,,***,,-,,12,,5,,-,,"27,352",,***,,***,,***,,-,,***,,***,,"1,008",
1980100000,1980,40221,Fukuoka-ken Dazaifu-shi,,"50,273",,"3,720",,***,,271,,***,,***,,***,,***,,***,,***,,***,,***,,***,,5,,5,,2,,3,,"19,748",,***,,***,,***,,-,,***,,***,,383,
1980100000,1980,40223,Fukuoka-ken Koga-shi,,"35,562",,"2,999",,***,,162,,***,,***,,***,,***,,***,,***,,***,,***,,***,,4,,6,,1,,1,,"16,108",,***,,***,,***,,-,,***,,***,,365,
1980100000,1980,40224,Fukuoka-ken Fukutsu-shi,,"42,131",,"4,541",,***,,254,,***,,***,,***,,***,,***,,***,,***,,***,,***,,11,,6,,3,,-,,"18,010",,***,,***,,***,,-,,***,,***,,449,
1980100000,1980,40225,Fukuoka-ken Ukiha-shi,,"36,762",,"4,839",,***,,305,,***,,***,,***,,***,,***,,***,,***,,***,,***,,2,,11,,2,,2,,"18,271",,***,,***,,***,,-,,***,,***,,134,
1980100000,1980,40226,Fukuoka-ken Miyawaka-shi,,"33,670",,"4,899",,***,,362,,***,,***,,***,,***,,***,,***,,***,,***,,***,,7,,10,,4,,3,,"15,007",,***,,***,,***,,-,,***,,***,,258,
1980100000,1980,40227,Fukuoka-ken Kama-shi,,"54,703",,"7,984",,***,,496,,***,,***,,***,,***,,***,,***,,***,,***,,***,,5,,15,,5,,4,,"22,934",,***,,***,,***,,-,,***,,***,,493,
1980100000,1980,40228,Fukuoka-ken Asakura-shi,,"64,623",,"8,625",,***,,538,,***,,***,,***,,***,,***,,***,,***,,***,,***,,9,,16,,6,,4,,"33,201",,***,,***,,***,,-,,***,,***,,560,
1980100000,1980,40229,Fukuoka-ken Miyama-shi,,"51,413",,"6,783",,***,,424,,***,,***,,***,,***,,***,,***,,***,,***,,***,,4,,15,,4,,-,,"25,915",,***,,***,,***,,-,,***,,***,,385,
1980100000,1980,40230,Fukuoka-ken Itoshima-shi,,"66,220",,"7,236",,***,,555,,***,,***,,***,,***,,***,,***,,***,,***,,***,,7,,15,,6,,2,,"32,151",,***,,***,,***,,-,,***,,***,,605,
1980100000,1980,40231,Fukuoka-ken Nakagawa-shi,,"24,840",,"1,648",,***,,99,,***,,***,,***,,***,,***,,***,,***,,***,,***,,5,,6,,3,,1,,"10,722",,***,,***,,***,,-,,***,,***,,235,
1980100000,1980,40341,Fukuoka-ken Umi-machi,,"23,966",,"2,155",,***,,176,,***,,***,,***,,***,,***,,***,,***,,***,,***,,3,,2,,1,,1,,"10,448",,***,,***,,***,,-,,***,,***,,221,
1980100000,1980,40342,Fukuoka-ken Sasaguri-machi,,"19,662",,"2,125",,***,,126,,***,,***,,***,,***,,***,,***,,***,,***,,***,,2,,4,,1,,-,,"8,670",,***,,***,,***,,-,,***,,***,,136,
1980100000,1980,40343,Fukuoka-ken Shime-machi,,"32,241",,"2,239",,***,,189,,***,,***,,***,,***,,***,,***,,***,,***,,***,,5,,4,,2,,-,,"14,685",,***,,***,,***,,-,,***,,***,,443,
1980100000,1980,40344,Fukuoka-ken Sue-machi,,"18,546",,"1,916",,***,,128,,***,,***,,***,,***,,***,,***,,***,,***,,***,,3,,2,,1,,-,,"8,057",,***,,***,,***,,-,,***,,***,,111,
1980100000,1980,40345,Fukuoka-ken Shingu-machi,,"13,863",,"1,151",,***,,91,,***,,***,,***,,***,,***,,***,,***,,***,,***,,4,,3,,2,,1,,"6,538",,***,,***,,***,,-,,***,,***,,139,
1980100000,1980,40348,Fukuoka-ken Hisayama-machi,,"7,657",,826,,***,,35,,***,,***,,***,,***,,***,,***,,***,,***,,***,,2,,2,,1,,-,,"3,690",,***,,***,,***,,-,,***,,***,,45,
1980100000,1980,40349,Fukuoka-ken Kasuya-machi,,"26,810",,"1,714",,***,,143,,***,,***,,***,,***,,***,,***,,***,,***,,***,,4,,3,,1,,1,,"11,972",,***,,***,,***,,-,,***,,***,,395,
1980100000,1980,40381,Fukuoka-ken Ashiya-machi,,"18,934",,"1,545",,***,,94,,***,,***,,***,,***,,***,,***,,***,,***,,***,,2,,3,,1,,-,,"8,690",,***,,***,,***,,-,,***,,***,,237,
1980100000,1980,40382,Fukuoka-ken Mizumaki-machi,,"27,196",,"2,354",,***,,175,,***,,***,,***,,***,,***,,***,,***,,***,,***,,3,,5,,2,,-,,"11,028",,***,,***,,***,,-,,***,,***,,293,
1980100000,1980,40383,Fukuoka-ken Okagaki-machi,,"25,327",,"2,389",,***,,181,,***,,***,,***,,***,,***,,***,,***,,***,,***,,3,,5,,1,,-,,"10,571",,***,,***,,***,,-,,***,,***,,238,
1980100000,1980,40384,Fukuoka-ken Onga-cho,,"14,188",,"1,287",,***,,101,,***,,***,,***,,***,,***,,***,,***,,***,,***,,1,,3,,1,,1,,"6,157",,***,,***,,***,,-,,***,,***,,222,
1980100000,1980,40401,Fukuoka-ken Kotake-machi,,"11,228",,"1,420",,***,,101,,***,,***,,***,,***,,***,,***,,***,,***,,***,,2,,3,,1,,-,,"4,642",,***,,***,,***,,-,,***,,***,,71,
1980100000,1980,40402,Fukuoka-ken Kurate-machi,,"19,079",,"2,543",,***,,188,,***,,***,,***,,***,,***,,***,,***,,***,,***,,2,,6,,2,,1,,"8,181",,***,,***,,***,,-,,***,,***,,183,
1980100000,1980,40421,Fukuoka-ken Keisen-machi,,"12,780",,"1,609",,***,,115,,***,,***,,***,,***,,***,,***,,***,,***,,***,,1,,2,,1,,0,,"5,675",,***,,***,,***,,-,,***,,***,,145,
1980100000,1980,40447,Fukuoka-ken Chikuzen-machi,,"22,273",,"2,792",,***,,208,,***,,***,,***,,***,,***,,***,,***,,***,,***,,7,,4,,2,,1,,"10,649",,***,,***,,***,,-,,***,,***,,217,
1980100000,1980,40448,Fukuoka-ken Toho-mura,,"3,594",,623,,***,,39,,***,,***,,***,,***,,***,,***,,***,,***,,***,,0,,3,,2,,0,,"1,888",,***,,***,,***,,-,,***,,***,,14,
1980100000,1980,40503,Fukuoka-ken Tachiarai-machi,,"13,203",,"1,641",,***,,107,,***,,***,,***,,***,,***,,***,,***,,***,,***,,0,,4,,1,,0,,"6,453",,***,,***,,***,,-,,***,,***,,48,
1980100000,1980,40522,Fukuoka-ken Oki-machi,,"12,721",,"1,579",,***,,119,,***,,***,,***,,***,,***,,***,,***,,***,,***,,0,,3,,1,,0,,"6,463",,***,,***,,***,,-,,***,,***,,33,
1980100000,1980,40544,Fukuoka-ken Hirokawa-machi,,"17,154",,"2,108",,***,,156,,***,,***,,***,,***,,***,,***,,***,,***,,***,,1,,3,,1,,0,,"8,629",,***,,***,,***,,-,,***,,***,,123,
1980100000,1980,40601,Fukuoka-ken Kawara-machi,,"14,716",,"1,870",,***,,123,,***,,***,,***,,***,,***,,***,,***,,***,,***,,1,,4,,2,,2,,"6,179",,***,,***,,***,,-,,***,,***,,172,
1980100000,1980,40602,Fukuoka-ken Soeda-machi,,"16,196",,"2,490",,***,,160,,***,,***,,***,,***,,***,,***,,***,,***,,***,,2,,6,,3,,1,,"7,026",,***,,***,,***,,-,,***,,***,,123,
1980100000,1980,40604,Fukuoka-ken Itoda-machi,,"10,872",,"1,453",,***,,104,,***,,***,,***,,***,,***,,***,,***,,***,,***,,0,,1,,1,,0,,"4,264",,***,,***,,***,,-,,***,,***,,111,
1980100000,1980,40605,Fukuoka-ken Kawasaki-machi,,"22,872",,"2,825",,***,,204,,***,,***,,***,,***,,***,,***,,***,,***,,***,,1,,6,,3,,0,,"8,702",,***,,***,,***,,-,,***,,***,,278,
1980100000,1980,40608,Fukuoka-ken Oto-machi,,"6,653",,699,,***,,65,,***,,***,,***,,***,,***,,***,,***,,***,,***,,0,,2,,1,,0,,"2,573",,***,,***,,***,,-,,***,,***,,104,
1980100000,1980,40609,Fukuoka-ken Aka-mura,,"3,853",,523,,***,,32,,***,,***,,***,,***,,***,,***,,***,,***,,***,,0,,2,,1,,0,,"1,809",,***,,***,,***,,-,,***,,***,,38,
1980100000,1980,40610,Fukuoka-ken Fukuchi-machi,,"26,104",,"3,537",,***,,254,,***,,***,,***,,***,,***,,***,,***,,***,,***,,0,,5,,3,,0,,"10,055",,***,,***,,***,,-,,***,,***,,223,
1980100000,1980,40621,Fukuoka-ken Kanda-machi,,"31,155",,"2,575",,***,,160,,***,,***,,***,,***,,***,,***,,***,,***,,***,,5,,7,,2,,1,,"13,627",,***,,***,,***,,-,,***,,***,,413,
1980100000,1980,40625,Fukuoka-ken Miyako-machi,,"26,073",,"3,467",,***,,226,,***,,***,,***,,***,,***,,***,,***,,***,,***,,1,,13,,4,,1,,"11,569",,***,,***,,***,,-,,***,,***,,197,
1980100000,1980,40642,Fukuoka-ken Yoshitomi-machi,,"7,749",,877,,***,,57,,***,,***,,***,,***,,***,,***,,***,,***,,***,,1,,1,,1,,0,,"3,590",,***,,***,,***,,-,,***,,***,,54,
1980100000,1980,40646,Fukuoka-ken Koge-machi,,"8,780",,"1,383",,***,,92,,***,,***,,***,,***,,***,,***,,***,,***,,***,,0,,7,,-,,-,,"4,412",,***,,***,,***,,-,,***,,***,,38,
1980100000,1980,40647,Fukuoka-ken Chikujo-machi,,"25,699",,"3,190",,***,,193,,***,,***,,***,,***,,***,,***,,***,,***,,***,,2,,12,,3,,2,,"12,000",,***,,***,,***,,-,,***,,***,,171,
1980100000,1980,41201,Saga-ken Saga-shi,,"236,029",,"24,780",,***,,"1,544",,***,,***,,***,,***,,***,,***,,***,,***,,***,,47,,36,,18,,12,,"108,594",,***,,***,,***,,217,,***,,***,,"2,526",
1980100000,1980,41202,Saga-ken Karatsu-shi,,"142,224",,"17,497",,***,,"1,336",,***,,***,,***,,***,,***,,***,,***,,***,,***,,9,,51,,27,,7,,"69,338",,***,,***,,***,,110,,***,,***,,"1,405",
1980100000,1980,41203,Saga-ken Tosu-shi,,"54,254",,"5,005",,***,,318,,***,,***,,***,,***,,***,,***,,***,,***,,***,,7,,8,,4,,3,,"24,722",,***,,***,,***,,60,,***,,***,,461,
1980100000,1980,41204,Saga-ken Taku-shi,,"25,636",,"3,616",,***,,262,,***,,***,,***,,***,,***,,***,,***,,***,,***,,2,,8,,4,,1,,"12,409",,***,,***,,***,,16,,***,,***,,81,
1980100000,1980,41205,Saga-ken Imari-shi,,"61,243",,"7,789",,***,,482,,***,,***,,***,,***,,***,,***,,***,,***,,***,,4,,20,,9,,4,,"31,348",,***,,***,,***,,35,,***,,***,,366,
1980100000,1980,41206,Saga-ken Takeo-shi,,"53,156",,"6,846",,***,,473,,***,,***,,***,,***,,***,,***,,***,,***,,***,,5,,15,,5,,1,,"26,681",,***,,***,,***,,34,,***,,***,,315,
1980100000,1980,41207,Saga-ken Kashima-shi,,"35,006",,"4,245",,***,,284,,***,,***,,***,,***,,***,,***,,***,,***,,***,,3,,11,,2,,2,,"17,634",,***,,***,,***,,22,,***,,***,,197,
1980100000,1980,41208,Saga-ken Ogi-shi,,"37,839",,"4,819",,***,,297,,***,,***,,***,,***,,***,,***,,***,,***,,***,,5,,9,,4,,2,,"18,506",,***,,***,,***,,21,,***,,***,,245,
1980100000,1980,41209,Saga-ken Ureshino-shi,,"32,759",,"4,220",,***,,277,,***,,***,,***,,***,,***,,***,,***,,***,,***,,2,,12,,4,,2,,"16,411",,***,,***,,***,,17,,***,,***,,149,
1980100000,1980,41210,Saga-ken Kanzaki-shi,,"31,815",,"4,300",,***,,293,,***,,***,,***,,***,,***,,***,,***,,***,,***,,8,,9,,3,,2,,"16,083",,***,,***,,***,,20,,***,,***,,153,
1980100000,1980,41327,Saga-ken Yoshinogari-cho,,"14,506",,"1,394",,***,,97,,***,,***,,***,,***,,***,,***,,***,,***,,***,,3,,3,,2,,0,,"7,127",,***,,***,,***,,5,,***,,***,,61,
1980100000,1980,41341,Saga-ken Kiyama-cho,,"11,501",,"1,215",,***,,94,,***,,***,,***,,***,,***,,***,,***,,***,,***,,2,,1,,1,,0,,"5,675",,***,,***,,***,,3,,***,,***,,74,
1980100000,1980,41345,Saga-ken Kamimine-cho,,"6,682",,691,,***,,52,,***,,***,,***,,***,,***,,***,,***,,***,,***,,1,,1,,1,,0,,"3,204",,***,,***,,***,,4,,***,,***,,27,
1980100000,1980,41346,Saga-ken Miyaki-cho,,"27,757",,"3,342",,***,,226,,***,,***,,***,,***,,***,,***,,***,,***,,***,,7,,4,,3,,1,,"12,948",,***,,***,,***,,12,,***,,***,,119,
1980100000,1980,41387,Saga-ken Genkai-cho,,"7,463",,823,,***,,68,,***,,***,,***,,***,,***,,***,,***,,***,,***,,0,,4,,2,,1,,"3,754",,***,,***,,***,,5,,***,,***,,47,
1980100000,1980,41401,Saga-ken Arita-cho,,"23,495",,"2,715",,***,,182,,***,,***,,***,,***,,***,,***,,***,,***,,***,,1,,4,,2,,1,,"12,335",,***,,***,,***,,10,,***,,***,,99,
1980100000,1980,41423,Saga-ken Omachi-cho,,"9,776",,"1,564",,***,,91,,***,,***,,***,,***,,***,,***,,***,,***,,***,,1,,1,,1,,1,,"4,472",,***,,***,,***,,5,,***,,***,,13,
1980100000,1980,41424,Saga-ken Kohoku-machi,,"9,732",,"1,322",,***,,108,,***,,***,,***,,***,,***,,***,,***,,***,,***,,1,,1,,1,,0,,"4,854",,***,,***,,***,,2,,***,,***,,30,
1980100000,1980,41425,Saga-ken Shiroishi-cho,,"31,790",,"4,520",,***,,299,,***,,***,,***,,***,,***,,***,,***,,***,,***,,3,,10,,3,,2,,"17,045",,***,,***,,***,,24,,***,,***,,79,
1980100000,1980,41441,Saga-ken Tara-cho,,"12,911",,"1,674",,***,,90,,***,,***,,***,,***,,***,,***,,***,,***,,***,,1,,5,,2,,1,,"6,408",,***,,***,,***,,7,,***,,***,,41,
1980100000,1980,42201,Nagasaki-ken Nagasaki-shi,,"502,799",,"44,997",,***,,"3,114",,***,,***,,***,,***,,***,,***,,***,,***,,***,,65,,79,,45,,26,,"212,351",,***,,***,,***,,474,,***,,***,,"4,035",
1980100000,1980,42202,Nagasaki-ken Sasebo-shi,,"288,231",,"30,485",,***,,"2,218",,***,,***,,***,,***,,***,,***,,***,,***,,***,,40,,52,,27,,15,,"128,377",,***,,***,,***,,253,,***,,***,,"2,680",
1980100000,1980,42203,Nagasaki-ken Shimabara-shi,,"58,890",,"7,223",,***,,462,,***,,***,,***,,***,,***,,***,,***,,***,,***,,8,,11,,5,,5,,"27,464",,***,,***,,***,,36,,***,,***,,307,
1980100000,1980,42204,Nagasaki-ken Isahaya-shi,,"127,339",,"13,449",,***,,840,,***,,***,,***,,***,,***,,***,,***,,***,,***,,12,,27,,14,,7,,"57,615",,***,,***,,***,,109,,***,,***,,815,
1980100000,1980,42205,Nagasaki-ken Omura-shi,,"65,538",,"6,404",,***,,404,,***,,***,,***,,***,,***,,***,,***,,***,,***,,13,,14,,4,,4,,"30,352",,***,,***,,***,,54,,***,,***,,441,
1980100000,1980,42207,Nagasaki-ken Hirado-shi,,"50,849",,"6,593",,***,,478,,***,,***,,***,,***,,***,,***,,***,,***,,***,,4,,28,,10,,4,,"23,404",,***,,***,,***,,22,,***,,***,,167,
1980100000,1980,42208,Nagasaki-ken Matsuura-shi,,"32,478",,"4,528",,***,,337,,***,,***,,***,,***,,***,,***,,***,,***,,***,,2,,15,,7,,3,,"14,872",,***,,***,,***,,18,,***,,***,,146,
1980100000,1980,42209,Nagasaki-ken Tsushima-shi,,"50,810",,"5,437",,***,,436,,***,,***,,***,,***,,***,,***,,***,,***,,***,,6,,41,,29,,3,,"23,277",,***,,***,,***,,29,,***,,***,,238,
1980100000,1980,42210,Nagasaki-ken Iki-shi,,"41,035",,"5,549",,***,,417,,***,,***,,***,,***,,***,,***,,***,,***,,***,,9,,20,,10,,2,,"19,219",,***,,***,,***,,20,,***,,***,,133,
1980100000,1980,42211,Nagasaki-ken Goto-shi,,"60,947",,"8,166",,***,,572,,***,,***,,***,,***,,***,,***,,***,,***,,***,,6,,38,,17,,5,,"24,964",,***,,***,,***,,42,,***,,***,,240,
1980100000,1980,42212,Nagasaki-ken Saikai-shi,,"41,064",,"5,701",,***,,434,,***,,***,,***,,***,,***,,***,,***,,***,,***,,7,,19,,9,,3,,"19,415",,***,,***,,***,,24,,***,,***,,137,
1980100000,1980,42213,Nagasaki-ken Unzen-shi,,"58,861",,"7,850",,***,,567,,***,,***,,***,,***,,***,,***,,***,,***,,***,,5,,22,,9,,3,,"28,383",,***,,***,,***,,43,,***,,***,,206,
1980100000,1980,42214,Nagasaki-ken Minamishimabara-shi,,"66,556",,"9,254",,***,,637,,***,,***,,***,,***,,***,,***,,***,,***,,***,,8,,39,,8,,3,,"29,761",,***,,***,,***,,38,,***,,***,,227,
1980100000,1980,42307,Nagasaki-ken Nagayo-cho,,"28,824",,"1,916",,***,,136,,***,,***,,***,,***,,***,,***,,***,,***,,***,,3,,4,,1,,1,,"12,155",,***,,***,,***,,11,,***,,***,,73,
1980100000,1980,42308,Nagasaki-ken Togitsu-cho,,"20,377",,"1,418",,***,,95,,***,,***,,***,,***,,***,,***,,***,,***,,***,,3,,3,,2,,1,,"8,445",,***,,***,,***,,13,,***,,***,,50,
1980100000,1980,42321,Nagasaki-ken Higashisonogi-cho,,"10,353",,"1,343",,***,,77,,***,,***,,***,,***,,***,,***,,***,,***,,***,,1,,4,,2,,0,,"5,316",,***,,***,,***,,5,,***,,***,,34,
1980100000,1980,42322,Nagasaki-ken Kawatana-cho,,"14,479",,"1,622",,***,,96,,***,,***,,***,,***,,***,,***,,***,,***,,***,,3,,3,,1,,1,,"6,922",,***,,***,,***,,10,,***,,***,,66,
1980100000,1980,42323,Nagasaki-ken Hasami-cho,,"15,498",,"1,544",,***,,93,,***,,***,,***,,***,,***,,***,,***,,***,,***,,2,,5,,1,,1,,"8,515",,***,,***,,***,,8,,***,,***,,47,
1980100000,1980,42383,Nagasaki-ken Ojika-cho,,"5,684",,835,,***,,78,,***,,***,,***,,***,,***,,***,,***,,***,,***,,1,,5,,4,,1,,"2,546",,***,,***,,***,,3,,***,,***,,5,
1980100000,1980,42391,Nagasaki-ken Saza-cho,,"11,812",,"1,384",,***,,90,,***,,***,,***,,***,,***,,***,,***,,***,,***,,1,,2,,1,,1,,"5,314",,***,,***,,***,,5,,***,,***,,86,
1980100000,1980,42411,Nagasaki-ken Shinkamigoto-cho,,"38,140",,"4,055",,***,,305,,***,,***,,***,,***,,***,,***,,***,,***,,***,,10,,27,,15,,2,,"14,220",,***,,***,,***,,24,,***,,***,,155,
1980100000,1980,43100,Kumamoto-ken Kumamoto-shi,,"619,236",,"58,189",,***,,"3,630",,***,,***,,***,,***,,***,,***,,***,,***,,***,,62,,84,,42,,26,,"283,825",,***,,***,,***,,510,,***,,***,,"5,832",
1980100000,1980,43101,Kumamoto-ken Kumamoto-shi Chuuou-ku,,-,,-,,***,,-,,***,,***,,***,,***,,***,,***,,***,,***,,***,,-,,-,,-,,-,,-,,***,,***,,***,,-,,***,,***,,-,
1980100000,1980,43102,Kumamoto-ken Kumamoto-shi Higashi-ku,,-,,-,,***,,-,,***,,***,,***,,***,,***,,***,,***,,***,,***,,-,,-,,-,,-,,-,,***,,***,,***,,-,,***,,***,,-,
1980100000,1980,43103,Kumamoto-ken Kumamoto-shi Nishi-ku,,-,,-,,***,,-,,***,,***,,***,,***,,***,,***,,***,,***,,***,,-,,-,,-,,-,,-,,***,,***,,***,,-,,***,,***,,-,
1980100000,1980,43104,Kumamoto-ken Kumamoto-shi Minami-ku,,-,,-,,***,,-,,***,,***,,***,,***,,***,,***,,***,,***,,***,,-,,-,,-,,-,,-,,***,,***,,***,,-,,***,,***,,-,
1980100000,1980,43105,Kumamoto-ken Kumamoto-shi Kita-ku,,-,,-,,***,,-,,***,,***,,***,,***,,***,,***,,***,,***,,***,,-,,-,,-,,-,,-,,***,,***,,***,,-,,***,,***,,-,
1980100000,1980,43202,Kumamoto-ken Yatsushiro-shi,,"150,389",,"16,183",,***,,"1,073",,***,,***,,***,,***,,***,,***,,***,,***,,***,,14,,50,,16,,9,,"72,252",,***,,***,,***,,118,,***,,***,,"1,315",
1980100000,1980,43203,Kumamoto-ken Hitoyoshi-shi,,"42,236",,"4,809",,***,,321,,***,,***,,***,,***,,***,,***,,***,,***,,***,,4,,10,,4,,2,,"20,491",,***,,***,,***,,37,,***,,***,,484,
1980100000,1980,43204,Kumamoto-ken Arao-shi,,"61,485",,"6,970",,***,,460,,***,,***,,***,,***,,***,,***,,***,,***,,***,,9,,12,,5,,2,,"25,553",,***,,***,,***,,47,,***,,***,,383,
1980100000,1980,43205,Kumamoto-ken Minamata-shi,,"37,150",,"4,890",,***,,309,,***,,***,,***,,***,,***,,***,,***,,***,,***,,4,,14,,9,,2,,"16,841",,***,,***,,***,,30,,***,,***,,236,
1980100000,1980,43206,Kumamoto-ken Tamana-shi,,"72,324",,"9,143",,***,,589,,***,,***,,***,,***,,***,,***,,***,,***,,***,,6,,21,,6,,5,,"35,211",,***,,***,,***,,57,,***,,***,,388,
1980100000,1980,43208,Kumamoto-ken Yamaga-shi,,"62,839",,"9,358",,***,,609,,***,,***,,***,,***,,***,,***,,***,,***,,***,,5,,22,,6,,4,,"32,235",,***,,***,,***,,47,,***,,***,,673,
1980100000,1980,43210,Kumamoto-ken Kikuchi-shi,,"49,527",,"6,874",,***,,400,,***,,***,,***,,***,,***,,***,,***,,***,,***,,4,,15,,6,,3,,"25,557",,***,,***,,***,,40,,***,,***,,199,
1980100000,1980,43211,Kumamoto-ken Uto-shi,,"32,954",,"4,011",,***,,261,,***,,***,,***,,***,,***,,***,,***,,***,,***,,2,,6,,3,,1,,"15,712",,***,,***,,***,,21,,***,,***,,173,
1980100000,1980,43212,Kumamoto-ken Kamiamakusa-shi,,"40,682",,"5,792",,***,,377,,***,,***,,***,,***,,***,,***,,***,,***,,***,,0,,18,,9,,2,,"17,634",,***,,***,,***,,26,,***,,***,,177,
1980100000,1980,43213,Kumamoto-ken Uki-shi,,"62,412",,"8,246",,***,,544,,***,,***,,***,,***,,***,,***,,***,,***,,***,,4,,18,,6,,3,,"30,213",,***,,***,,***,,41,,***,,***,,278,
1980100000,1980,43214,Kumamoto-ken Aso-shi,,"34,004",,"4,477",,***,,282,,***,,***,,***,,***,,***,,***,,***,,***,,***,,2,,17,,4,,2,,"17,010",,***,,***,,***,,17,,***,,***,,161,
1980100000,1980,43215,Kumamoto-ken Amakusa-shi,,"121,574",,"18,091",,***,,"1,209",,***,,***,,***,,***,,***,,***,,***,,***,,***,,12,,68,,28,,8,,"55,731",,***,,***,,***,,86,,***,,***,,528,
1980100000,1980,43216,Kumamoto-ken Koshi-shi,,"31,856",,"3,082",,***,,210,,***,,***,,***,,***,,***,,***,,***,,***,,***,,3,,6,,4,,0,,"13,562",,***,,***,,***,,15,,***,,***,,72,
1980100000,1980,43348,Kumamoto-ken Misato-machi,,"14,727",,"2,392",,***,,148,,***,,***,,***,,***,,***,,***,,***,,***,,***,,1,,12,,3,,0,,"7,398",,***,,***,,***,,4,,***,,***,,50,
1980100000,1980,43364,Kumamoto-ken Gyokuto-machi,,"6,315",,872,,***,,56,,***,,***,,***,,***,,***,,***,,***,,***,,***,,0,,2,,1,,0,,"3,249",,***,,***,,***,,4,,***,,***,,42,
1980100000,1980,43367,Kumamoto-ken Nankan-machi,,"12,498",,"2,148",,***,,137,,***,,***,,***,,***,,***,,***,,***,,***,,***,,0,,4,,2,,1,,"6,378",,***,,***,,***,,8,,***,,***,,53,
1980100000,1980,43368,Kumamoto-ken Nagasu-machi,,"16,715",,"1,969",,***,,112,,***,,***,,***,,***,,***,,***,,***,,***,,***,,1,,4,,2,,0,,"7,563",,***,,***,,***,,13,,***,,***,,82,
1980100000,1980,43369,Kumamoto-ken Nagomi-machi,,"13,972",,"2,482",,***,,158,,***,,***,,***,,***,,***,,***,,***,,***,,***,,0,,8,,2,,0,,"7,242",,***,,***,,***,,6,,***,,***,,42,
1980100000,1980,43403,Kumamoto-ken Ozu-machi,,"19,894",,"2,584",,***,,155,,***,,***,,***,,***,,***,,***,,***,,***,,***,,4,,7,,2,,2,,"10,166",,***,,***,,***,,15,,***,,***,,118,
1980100000,1980,43404,Kumamoto-ken Kikuyo-machi,,"20,152",,"1,721",,***,,110,,***,,***,,***,,***,,***,,***,,***,,***,,***,,1,,4,,1,,0,,"9,000",,***,,***,,***,,7,,***,,***,,82,
1980100000,1980,43423,Kumamoto-ken Minamioguni-machi,,"5,319",,774,,***,,52,,***,,***,,***,,***,,***,,***,,***,,***,,***,,0,,5,,1,,0,,"2,931",,***,,***,,***,,2,,***,,***,,23,
1980100000,1980,43424,Kumamoto-ken Oguni-machi,,"10,813",,"1,492",,***,,97,,***,,***,,***,,***,,***,,***,,***,,***,,***,,0,,6,,1,,1,,"5,444",,***,,***,,***,,8,,***,,***,,57,
1980100000,1980,43425,Kumamoto-ken Ubuyama-mura,,"1,981",,280,,***,,21,,***,,***,,***,,***,,***,,***,,***,,***,,***,,0,,2,,1,,0,,"1,099",,***,,***,,***,,2,,***,,***,,2,
1980100000,1980,43428,Kumamoto-ken Takamori-machi,,"8,806",,"1,155",,***,,78,,***,,***,,***,,***,,***,,***,,***,,***,,***,,1,,8,,5,,1,,"4,630",,***,,***,,***,,5,,***,,***,,60,
1980100000,1980,43432,Kumamoto-ken Nishihara-mura,,"4,824",,732,,***,,45,,***,,***,,***,,***,,***,,***,,***,,***,,***,,0,,2,,1,,0,,"2,655",,***,,***,,***,,1,,***,,***,,11,
1980100000,1980,43433,Kumamoto-ken Minamiaso-mura,,"13,010",,"1,770",,***,,118,,***,,***,,***,,***,,***,,***,,***,,***,,***,,0,,7,,3,,0,,"6,669",,***,,***,,***,,6,,***,,***,,109,
1980100000,1980,43441,Kumamoto-ken Mifune-machi,,"17,536",,"2,332",,***,,154,,***,,***,,***,,***,,***,,***,,***,,***,,***,,1,,10,,3,,1,,"8,460",,***,,***,,***,,12,,***,,***,,51,
1980100000,1980,43442,Kumamoto-ken Kashima-machi,,"7,731",,"1,079",,***,,57,,***,,***,,***,,***,,***,,***,,***,,***,,***,,2,,2,,1,,0,,"3,739",,***,,***,,***,,2,,***,,***,,26,
1980100000,1980,43443,Kumamoto-ken Mashiki-machi,,"24,269",,"2,863",,***,,209,,***,,***,,***,,***,,***,,***,,***,,***,,***,,2,,5,,3,,0,,"11,363",,***,,***,,***,,13,,***,,***,,72,
1980100000,1980,43444,Kumamoto-ken Kosa-machi,,"12,989",,"2,044",,***,,138,,***,,***,,***,,***,,***,,***,,***,,***,,***,,1,,5,,1,,1,,"6,539",,***,,***,,***,,6,,***,,***,,75,
1980100000,1980,43447,Kumamoto-ken Yamato-cho,,"26,336",,"3,842",,***,,247,,***,,***,,***,,***,,***,,***,,***,,***,,***,,1,,29,,9,,2,,"14,119",,***,,***,,***,,11,,***,,***,,72,
1980100000,1980,43468,Kumamoto-ken Hikawa-cho,,"14,624",,"1,604",,***,,82,,***,,***,,***,,***,,***,,***,,***,,***,,***,,1,,3,,2,,0,,"7,428",,***,,***,,***,,8,,***,,***,,91,
1980100000,1980,43482,Kumamoto-ken Ashikita-machi,,"27,413",,"3,913",,***,,266,,***,,***,,***,,***,,***,,***,,***,,***,,***,,1,,21,,5,,1,,"13,029",,***,,***,,***,,17,,***,,***,,115,
1980100000,1980,43484,Kumamoto-ken Tsunagi-machi,,"6,053",,966,,***,,53,,***,,***,,***,,***,,***,,***,,***,,***,,***,,1,,3,,1,,0,,"2,800",,***,,***,,***,,3,,***,,***,,13,
1980100000,1980,43501,Kumamoto-ken Nishiki-machi,,"10,679",,"1,250",,***,,96,,***,,***,,***,,***,,***,,***,,***,,***,,***,,1,,3,,1,,1,,"5,503",,***,,***,,***,,4,,***,,***,,46,
1980100000,1980,43505,Kumamoto-ken Taragi-machi,,"14,598",,"1,694",,***,,118,,***,,***,,***,,***,,***,,***,,***,,***,,***,,3,,7,,2,,1,,"7,619",,***,,***,,***,,7,,***,,***,,64,
1980100000,1980,43506,Kumamoto-ken Yunomae-machi,,"6,038",,832,,***,,61,,***,,***,,***,,***,,***,,***,,***,,***,,***,,0,,1,,1,,0,,"3,104",,***,,***,,***,,4,,***,,***,,24,
1980100000,1980,43507,Kumamoto-ken Mizukami-mura,,"3,668",,563,,***,,46,,***,,***,,***,,***,,***,,***,,***,,***,,***,,0,,4,,1,,1,,"1,892",,***,,***,,***,,2,,***,,***,,5,
1980100000,1980,43510,Kumamoto-ken Sagara-mura,,"5,932",,778,,***,,60,,***,,***,,***,,***,,***,,***,,***,,***,,***,,0,,5,,2,,0,,"3,029",,***,,***,,***,,2,,***,,***,,4,
1980100000,1980,43511,Kumamoto-ken Itsuki-mura,,"3,086",,462,,***,,32,,***,,***,,***,,***,,***,,***,,***,,***,,***,,0,,9,,7,,1,,"1,571",,***,,***,,***,,1,,***,,***,,8,
1980100000,1980,43512,Kumamoto-ken Yamae-mura,,"4,276",,483,,***,,54,,***,,***,,***,,***,,***,,***,,***,,***,,***,,0,,5,,1,,0,,"2,332",,***,,***,,***,,1,,***,,***,,13,
1980100000,1980,43513,Kumamoto-ken Kuma-mura,,"6,984",,919,,***,,75,,***,,***,,***,,***,,***,,***,,***,,***,,***,,0,,10,,1,,0,,"3,638",,***,,***,,***,,3,,***,,***,,29,
1980100000,1980,43514,Kumamoto-ken Asagiri-cho,,"19,524",,"2,334",,***,,170,,***,,***,,***,,***,,***,,***,,***,,***,,***,,2,,6,,5,,1,,"10,047",,***,,***,,***,,8,,***,,***,,91,
1980100000,1980,43531,Kumamoto-ken Reihoku-machi,,"10,897",,"1,607",,***,,115,,***,,***,,***,,***,,***,,***,,***,,***,,***,,0,,6,,3,,1,,"5,175",,***,,***,,***,,7,,***,,***,,31,
1980100000,1980,44201,Oita-ken Oita-shi,,"385,635",,"29,353",,***,,"1,942",,***,,***,,***,,***,,***,,***,,***,,***,,***,,70,,60,,27,,17,,"170,193",,***,,***,,***,,227,,***,,***,,"4,208",
1980100000,1980,44202,Oita-ken Beppu-shi,,"136,485",,"15,030",,***,,"1,036",,***,,***,,***,,***,,***,,***,,***,,***,,***,,23,,22,,8,,7,,"63,015",,***,,***,,***,,121,,***,,***,,"1,804",
1980100000,1980,44203,Oita-ken Nakatsu-shi,,"85,963",,"11,794",,***,,780,,***,,***,,***,,***,,***,,***,,***,,***,,***,,12,,33,,13,,7,,"41,945",,***,,***,,***,,80,,***,,***,,698,
1980100000,1980,44204,Oita-ken Hita-shi,,"83,880",,"10,241",,***,,659,,***,,***,,***,,***,,***,,***,,***,,***,,***,,11,,45,,13,,-,,"41,719",,***,,***,,***,,60,,***,,***,,800,
1980100000,1980,44205,Oita-ken Saiki-shi,,"96,534",,"12,238",,***,,840,,***,,***,,***,,***,,***,,***,,***,,***,,***,,32,,47,,26,,6,,"42,928",,***,,***,,***,,74,,***,,***,,684,
1980100000,1980,44206,Oita-ken Usuki-shi,,"51,302",,"6,613",,***,,458,,***,,***,,***,,***,,***,,***,,***,,***,,***,,11,,23,,8,,4,,"24,138",,***,,***,,***,,30,,***,,***,,260,
1980100000,1980,44207,Oita-ken Tsukumi-shi,,"30,454",,"3,312",,***,,272,,***,,***,,***,,***,,***,,***,,***,,***,,***,,5,,15,,7,,1,,"13,562",,***,,***,,***,,22,,***,,***,,164,
1980100000,1980,44208,Oita-ken Taketa-shi,,"36,011",,"5,713",,***,,398,,***,,***,,***,,***,,***,,***,,***,,***,,***,,14,,18,,8,,4,,"19,750",,***,,***,,***,,29,,***,,***,,155,
1980100000,1980,44209,Oita-ken Bungotakada-shi,,"30,705",,"5,424",,***,,356,,***,,***,,***,,***,,***,,***,,***,,***,,***,,12,,17,,7,,1,,"15,831",,***,,***,,***,,26,,***,,***,,113,
1980100000,1980,44210,Oita-ken Kitsuki-shi,,"35,066",,"5,634",,***,,385,,***,,***,,***,,***,,***,,***,,***,,***,,***,,11,,16,,6,,3,,"17,587",,***,,***,,***,,25,,***,,***,,211,
1980100000,1980,44211,Oita-ken Usa-shi,,"67,811",,"10,589",,***,,726,,***,,***,,***,,***,,***,,***,,***,,***,,***,,5,,30,,9,,6,,"33,297",,***,,***,,***,,45,,***,,***,,290,
1980100000,1980,44212,Oita-ken Bungoono-shi,,"51,975",,"8,036",,***,,575,,***,,***,,***,,***,,***,,***,,***,,***,,***,,15,,26,,8,,4,,"27,605",,***,,***,,***,,35,,***,,***,,203,
1980100000,1980,44213,Oita-ken Yufu-shi,,"34,708",,"4,407",,***,,313,,***,,***,,***,,***,,***,,***,,***,,***,,***,,15,,20,,3,,1,,"17,056",,***,,***,,***,,19,,***,,***,,113,
1980100000,1980,44214,Oita-ken Kunisaki-shi,,"40,504",,"7,749",,***,,484,,***,,***,,***,,***,,***,,***,,***,,***,,***,,14,,21,,7,,4,,"21,816",,***,,***,,***,,28,,***,,***,,73,
1980100000,1980,44322,Oita-ken Himeshima-mura,,"3,234",,471,,***,,28,,***,,***,,***,,***,,***,,***,,***,,***,,***,,1,,1,,1,,0,,"1,650",,***,,***,,***,,2,,***,,***,,1,
1980100000,1980,44341,Oita-ken Hiji-machi,,"21,464",,"2,774",,***,,200,,***,,***,,***,,***,,***,,***,,***,,***,,***,,7,,6,,3,,1,,"10,086",,***,,***,,***,,12,,***,,***,,127,
1980100000,1980,44461,Oita-ken Kokonoe-machi,,"14,407",,"2,034",,***,,118,,***,,***,,***,,***,,***,,***,,***,,***,,***,,4,,7,,4,,0,,"7,615",,***,,***,,***,,9,,***,,***,,82,
1980100000,1980,44462,Oita-ken Kusu-machi,,"22,775",,"2,828",,***,,174,,***,,***,,***,,***,,***,,***,,***,,***,,***,,5,,13,,7,,2,,"11,479",,***,,***,,***,,15,,***,,***,,76,
1980100000,1980,45201,Miyazaki-ken Miyazaki-shi,,"329,751",,"27,379",,***,,"1,894",,***,,***,,***,,***,,***,,***,,***,,***,,***,,42,,42,,20,,17,,"157,021",,***,,***,,***,,234,,***,,***,,"3,491",
1980100000,1980,45202,Miyazaki-ken Miyakonojo-shi,,"172,655",,"19,398",,***,,"1,325",,***,,***,,***,,***,,***,,***,,***,,***,,***,,20,,36,,18,,8,,"85,069",,***,,***,,***,,91,,***,,***,,"1,229",
1980100000,1980,45203,Miyazaki-ken Nobeoka-shi,,"154,881",,"14,455",,***,,"1,074",,***,,***,,***,,***,,***,,***,,***,,***,,***,,24,,37,,21,,8,,"70,029",,***,,***,,***,,82,,***,,***,,"1,252",
1980100000,1980,45204,Miyazaki-ken Nichinan-shi,,"72,785",,"9,039",,***,,666,,***,,***,,***,,***,,***,,***,,***,,***,,***,,10,,17,,11,,5,,"34,812",,***,,***,,***,,46,,***,,***,,335,
1980100000,1980,45205,Miyazaki-ken Kobayashi-shi,,"52,762",,"6,121",,***,,402,,***,,***,,***,,***,,***,,***,,***,,***,,***,,6,,14,,10,,5,,"26,894",,***,,***,,***,,30,,***,,***,,409,
1980100000,1980,45206,Miyazaki-ken Hyuga-shi,,"64,948",,"5,804",,***,,394,,***,,***,,***,,***,,***,,***,,***,,***,,***,,12,,18,,7,,3,,"30,611",,***,,***,,***,,30,,***,,***,,430,
1980100000,1980,45207,Miyazaki-ken Kushima-shi,,"29,420",,"4,188",,***,,286,,***,,***,,***,,***,,***,,***,,***,,***,,***,,1,,14,,6,,1,,"14,033",,***,,***,,***,,14,,***,,***,,211,
1980100000,1980,45208,Miyazaki-ken Saito-shi,,"37,836",,"4,738",,***,,324,,***,,***,,***,,***,,***,,***,,***,,***,,***,,4,,12,,8,,2,,"19,533",,***,,***,,***,,20,,***,,***,,184,
1980100000,1980,45209,Miyazaki-ken Ebino-shi,,"27,246",,"4,209",,***,,277,,***,,***,,***,,***,,***,,***,,***,,***,,***,,4,,10,,4,,1,,"14,503",,***,,***,,***,,18,,***,,***,,145,
1980100000,1980,45341,Miyazaki-ken Mimata-cho,,"17,713",,"1,954",,***,,118,,***,,***,,***,,***,,***,,***,,***,,***,,***,,1,,5,,1,,1,,"8,726",,***,,***,,***,,4,,***,,***,,32,
1980100000,1980,45361,Miyazaki-ken Takaharu-cho,,"12,579",,"1,652",,***,,118,,***,,***,,***,,***,,***,,***,,***,,***,,***,,1,,4,,2,,1,,"6,435",,***,,***,,***,,6,,***,,***,,47,
1980100000,1980,45382,Miyazaki-ken Kunitomi-cho,,"19,864",,"2,413",,***,,140,,***,,***,,***,,***,,***,,***,,***,,***,,***,,1,,6,,3,,1,,"10,525",,***,,***,,***,,5,,***,,***,,77,
1980100000,1980,45383,Miyazaki-ken Aya-cho,,"7,261",,919,,***,,64,,***,,***,,***,,***,,***,,***,,***,,***,,***,,1,,1,,1,,0,,"3,768",,***,,***,,***,,1,,***,,***,,29,
1980100000,1980,45401,Miyazaki-ken Takanabe-cho,,"22,950",,"2,278",,***,,142,,***,,***,,***,,***,,***,,***,,***,,***,,***,,3,,2,,2,,0,,"10,301",,***,,***,,***,,16,,***,,***,,114,
1980100000,1980,45402,Miyazaki-ken Shintomi-cho,,"17,220",,"1,743",,***,,105,,***,,***,,***,,***,,***,,***,,***,,***,,***,,1,,4,,3,,0,,"8,852",,***,,***,,***,,6,,***,,***,,90,
1980100000,1980,45403,Miyazaki-ken Nishimera-son,,"2,153",,293,,***,,29,,***,,***,,***,,***,,***,,***,,***,,***,,***,,0,,3,,2,,0,,"1,213",,***,,***,,***,,2,,***,,***,,6,
1980100000,1980,45404,Miyazaki-ken Kijo-cho,,"5,857",,822,,***,,55,,***,,***,,***,,***,,***,,***,,***,,***,,***,,1,,3,,3,,0,,"3,123",,***,,***,,***,,3,,***,,***,,13,
1980100000,1980,45405,Miyazaki-ken Kawaminami-cho,,"18,026",,"2,036",,***,,137,,***,,***,,***,,***,,***,,***,,***,,***,,***,,2,,5,,2,,1,,"9,518",,***,,***,,***,,3,,***,,***,,48,
1980100000,1980,45406,Miyazaki-ken Tsuno-cho,,"13,486",,"1,610",,***,,112,,***,,***,,***,,***,,***,,***,,***,,***,,***,,1,,6,,1,,1,,"6,898",,***,,***,,***,,6,,***,,***,,74,
1980100000,1980,45421,Miyazaki-ken Kadogawa-cho,,"18,533",,"2,012",,***,,151,,***,,***,,***,,***,,***,,***,,***,,***,,***,,2,,4,,2,,1,,"8,588",,***,,***,,***,,5,,***,,***,,30,
1980100000,1980,45429,Miyazaki-ken Morotsuka-son,,"3,470",,483,,***,,32,,***,,***,,***,,***,,***,,***,,***,,***,,***,,1,,4,,1,,0,,"2,057",,***,,***,,***,,1,,***,,***,,1,
1980100000,1980,45430,Miyazaki-ken Shiiba-son,,"5,478",,734,,***,,67,,***,,***,,***,,***,,***,,***,,***,,***,,***,,0,,11,,2,,0,,"2,862",,***,,***,,***,,1,,***,,***,,1,
1980100000,1980,45431,Miyazaki-ken Misato-cho,,"10,709",,"1,711",,***,,115,,***,,***,,***,,***,,***,,***,,***,,***,,***,,4,,10,,4,,0,,"5,787",,***,,***,,***,,5,,***,,***,,15,
1980100000,1980,45441,Miyazaki-ken Takachiho-cho,,"19,957",,"2,593",,***,,201,,***,,***,,***,,***,,***,,***,,***,,***,,***,,3,,9,,5,,1,,"10,021",,***,,***,,***,,11,,***,,***,,53,
1980100000,1980,45442,Miyazaki-ken Hinokage-cho,,"8,013",,"1,201",,***,,99,,***,,***,,***,,***,,***,,***,,***,,***,,***,,0,,7,,5,,0,,"4,232",,***,,***,,***,,3,,***,,***,,20,
1980100000,1980,45443,Miyazaki-ken Gokase-cho,,"6,034",,853,,***,,55,,***,,***,,***,,***,,***,,***,,***,,***,,***,,0,,7,,2,,1,,"3,204",,***,,***,,***,,3,,***,,***,,7,
1980100000,1980,46201,Kagoshima-ken Kagoshima-shi,,"547,756",,"45,683",,***,,"3,351",,***,,***,,***,,***,,***,,***,,***,,***,,***,,75,,70,,35,,21,,"243,294",,***,,***,,***,,394,,***,,***,,"7,324",
1980100000,1980,46203,Kagoshima-ken Kanoya-shi,,"100,005",,"11,552",,***,,760,,***,,***,,***,,***,,***,,***,,***,,***,,***,,10,,32,,14,,8,,"47,700",,***,,***,,***,,45,,***,,***,,465,
1980100000,1980,46204,Kagoshima-ken Makurazaki-shi,,"30,060",,"3,913",,***,,248,,***,,***,,***,,***,,***,,***,,***,,***,,***,,5,,5,,3,,2,,"13,461",,***,,***,,***,,16,,***,,***,,150,
1980100000,1980,46206,Kagoshima-ken Akune-shi,,"29,527",,"4,569",,***,,307,,***,,***,,***,,***,,***,,***,,***,,***,,***,,2,,10,,6,,-,,"14,232",,***,,***,,***,,20,,***,,***,,178,
1980100000,1980,46208,Kagoshima-ken Izumi-shi,,"57,279",,"7,619",,***,,561,,***,,***,,***,,***,,***,,***,,***,,***,,***,,9,,16,,7,,5,,"28,815",,***,,***,,***,,32,,***,,***,,428,
1980100000,1980,46210,Kagoshima-ken Ibusuki-shi,,"55,140",,"8,097",,***,,547,,***,,***,,***,,***,,***,,***,,***,,***,,***,,7,,12,,5,,3,,"26,215",,***,,***,,***,,43,,***,,***,,257,
1980100000,1980,46213,Kagoshima-ken Nishinoomote-shi,,"23,537",,"2,756",,***,,222,,***,,***,,***,,***,,***,,***,,***,,***,,***,,4,,13,,7,,2,,"11,334",,***,,***,,***,,12,,***,,***,,90,
1980100000,1980,46214,Kagoshima-ken Tarumizu-shi,,"24,179",,"4,179",,***,,290,,***,,***,,***,,***,,***,,***,,***,,***,,***,,3,,9,,5,,1,,"10,904",,***,,***,,***,,9,,***,,***,,79,
1980100000,1980,46215,Kagoshima-ken Satsumasendai-shi,,"102,143",,"16,044",,***,,"1,110",,***,,***,,***,,***,,***,,***,,***,,***,,***,,27,,48,,20,,8,,"50,482",,***,,***,,***,,79,,***,,***,,638,
1980100000,1980,46216,Kagoshima-ken Hioki-shi,,"52,022",,"9,275",,***,,557,,***,,***,,***,,***,,***,,***,,***,,***,,***,,11,,24,,7,,2,,"26,042",,***,,***,,***,,38,,***,,***,,237,
1980100000,1980,46217,Kagoshima-ken So-shi,,"49,060",,"7,028",,***,,516,,***,,***,,***,,***,,***,,***,,***,,***,,***,,3,,20,,9,,3,,"26,676",,***,,***,,***,,21,,***,,***,,212,
1980100000,1980,46218,Kagoshima-ken Kirishima-shi,,"102,157",,"14,067",,***,,936,,***,,***,,***,,***,,***,,***,,***,,***,,***,,18,,35,,13,,7,,"48,606",,***,,***,,***,,65,,***,,***,,585,
1980100000,1980,46219,Kagoshima-ken Ichikikushikino-shi,,"38,377",,"4,953",,***,,330,,***,,***,,***,,***,,***,,***,,***,,***,,***,,7,,10,,5,,3,,"16,729",,***,,***,,***,,22,,***,,***,,203,
1980100000,1980,46220,Kagoshima-ken Minamisatsuma-shi,,"52,604",,"10,045",,***,,678,,***,,***,,***,,***,,***,,***,,***,,***,,***,,6,,23,,10,,4,,"25,271",,***,,***,,***,,38,,***,,***,,306,
1980100000,1980,46221,Kagoshima-ken Shibushi-shi,,"38,404",,"5,127",,***,,353,,***,,***,,***,,***,,***,,***,,***,,***,,***,,3,,18,,7,,2,,"19,954",,***,,***,,***,,22,,***,,***,,237,
1980100000,1980,46222,Kagoshima-ken Amami-shi,,"60,052",,"6,339",,***,,376,,***,,***,,***,,***,,***,,***,,***,,***,,***,,9,,23,,13,,4,,"28,132",,***,,***,,***,,34,,***,,***,,610,
1980100000,1980,46223,Kagoshima-ken Minamikyusyu-shi,,"50,261",,"8,709",,***,,598,,***,,***,,***,,***,,***,,***,,***,,***,,***,,6,,23,,11,,4,,"26,519",,***,,***,,***,,33,,***,,***,,164,
1980100000,1980,46224,Kagoshima-ken Isa-shi,,"38,310",,"6,366",,***,,444,,***,,***,,***,,***,,***,,***,,***,,***,,***,,3,,16,,5,,3,,"19,560",,***,,***,,***,,32,,***,,***,,191,
1980100000,1980,46225,Kagoshima-ken Aira-shi,,"62,992",,"8,665",,***,,517,,***,,***,,***,,***,,***,,***,,***,,***,,***,,9,,16,,8,,4,,"28,042",,***,,***,,***,,42,,***,,***,,335,
1980100000,1980,46303,Kagoshima-ken Mishima-mura,,619,,132,,***,,2,,***,,***,,***,,***,,***,,***,,***,,***,,***,,0,,4,,4,,0,,234,,***,,***,,***,,3,,***,,***,,1,
1980100000,1980,46304,Kagoshima-ken Toshima-mura,,903,,167,,***,,12,,***,,***,,***,,***,,***,,***,,***,,***,,***,,0,,6,,6,,0,,525,,***,,***,,***,,5,,***,,***,,0,
1980100000,1980,46392,Kagoshima-ken Satsuma-cho,,"30,650",,"5,223",,***,,315,,***,,***,,***,,***,,***,,***,,***,,***,,***,,5,,16,,4,,2,,"16,586",,***,,***,,***,,21,,***,,***,,111,
1980100000,1980,46404,Kagoshima-ken Nagashima-cho,,"14,840",,"2,099",,***,,164,,***,,***,,***,,***,,***,,***,,***,,***,,***,,5,,13,,5,,1,,"7,684",,***,,***,,***,,7,,***,,***,,40,
1980100000,1980,46452,Kagoshima-ken Yusui-cho,,"13,982",,"2,089",,***,,164,,***,,***,,***,,***,,***,,***,,***,,***,,***,,4,,6,,2,,1,,"7,314",,***,,***,,***,,8,,***,,***,,47,
1980100000,1980,46468,Kagoshima-ken Osaki-cho,,"17,527",,"2,363",,***,,163,,***,,***,,***,,***,,***,,***,,***,,***,,***,,1,,7,,3,,1,,"9,407",,***,,***,,***,,13,,***,,***,,119,
1980100000,1980,46482,Kagoshima-ken Higashikushira-cho,,"8,440",,"1,307",,***,,69,,***,,***,,***,,***,,***,,***,,***,,***,,***,,2,,2,,1,,0,,"4,279",,***,,***,,***,,7,,***,,***,,32,
1980100000,1980,46490,Kagoshima-ken Kinko-cho,,"13,829",,"2,217",,***,,160,,***,,***,,***,,***,,***,,***,,***,,***,,***,,2,,6,,6,,1,,"6,580",,***,,***,,***,,13,,***,,***,,52,
1980100000,1980,46491,Kagoshima-ken Minamiosumi-cho,,"14,344",,"2,414",,***,,164,,***,,***,,***,,***,,***,,***,,***,,***,,***,,2,,13,,9,,2,,"6,923",,***,,***,,***,,11,,***,,***,,31,
1980100000,1980,46492,Kagoshima-ken Kimotsuki-cho,,"23,361",,"3,440",,***,,197,,***,,***,,***,,***,,***,,***,,***,,***,,***,,3,,10,,9,,1,,"11,019",,***,,***,,***,,12,,***,,***,,85,
1980100000,1980,46501,Kagoshima-ken Nakatane-cho,,"12,297",,"1,593",,***,,115,,***,,***,,***,,***,,***,,***,,***,,***,,***,,1,,7,,4,,1,,"6,368",,***,,***,,***,,3,,***,,***,,32,
1980100000,1980,46502,Kagoshima-ken Minamitane-cho,,"8,320",,"1,087",,***,,78,,***,,***,,***,,***,,***,,***,,***,,***,,***,,1,,8,,5,,1,,"4,239",,***,,***,,***,,2,,***,,***,,25,
1980100000,1980,46505,Kagoshima-ken Yakushima-cho,,"15,624",,"1,959",,***,,140,,***,,***,,***,,***,,***,,***,,***,,***,,***,,3,,9,,9,,1,,"6,701",,***,,***,,***,,11,,***,,***,,126,
1980100000,1980,46523,Kagoshima-ken Yamato-son,,"2,509",,457,,***,,37,,***,,***,,***,,***,,***,,***,,***,,***,,***,,0,,6,,5,,0,,"1,198",,***,,***,,***,,4,,***,,***,,4,
1980100000,1980,46524,Kagoshima-ken Uken-son,,"2,594",,565,,***,,27,,***,,***,,***,,***,,***,,***,,***,,***,,***,,0,,4,,4,,0,,"1,267",,***,,***,,***,,1,,***,,***,,8,
1980100000,1980,46525,Kagoshima-ken Setouchi-cho,,"14,309",,"2,580",,***,,186,,***,,***,,***,,***,,***,,***,,***,,***,,***,,2,,22,,17,,1,,"6,236",,***,,***,,***,,11,,***,,***,,63,
1980100000,1980,46527,Kagoshima-ken Tatsugo-cho,,"6,136",,"1,042",,***,,64,,***,,***,,***,,***,,***,,***,,***,,***,,***,,2,,7,,3,,0,,"3,216",,***,,***,,***,,5,,***,,***,,11,
1980100000,1980,46529,Kagoshima-ken Kikai-cho,,"11,169",,"2,054",,***,,153,,***,,***,,***,,***,,***,,***,,***,,***,,***,,9,,9,,3,,1,,"5,254",,***,,***,,***,,4,,***,,***,,36,
1980100000,1980,46530,Kagoshima-ken Tokunoshima-cho,,"15,553",,"2,255",,***,,158,,***,,***,,***,,***,,***,,***,,***,,***,,***,,5,,9,,6,,1,,"6,555",,***,,***,,***,,6,,***,,***,,100,
1980100000,1980,46531,Kagoshima-ken Amagi-cho,,"8,775",,"1,164",,***,,73,,***,,***,,***,,***,,***,,***,,***,,***,,***,,2,,6,,3,,1,,"3,664",,***,,***,,***,,3,,***,,***,,52,
1980100000,1980,46532,Kagoshima-ken Isen-cho,,"10,318",,"1,674",,***,,120,,***,,***,,***,,***,,***,,***,,***,,***,,***,,5,,8,,3,,1,,"4,546",,***,,***,,***,,3,,***,,***,,22,
1980100000,1980,46533,Kagoshima-ken Wadomari-cho,,"8,932",,"1,540",,***,,91,,***,,***,,***,,***,,***,,***,,***,,***,,***,,3,,4,,2,,0,,"4,620",,***,,***,,***,,5,,***,,***,,53,
1980100000,1980,46534,Kagoshima-ken China-cho,,"8,407",,"1,427",,***,,90,,***,,***,,***,,***,,***,,***,,***,,***,,***,,4,,5,,2,,1,,"3,993",,***,,***,,***,,3,,***,,***,,26,
1980100000,1980,46535,Kagoshima-ken Yoron-cho,,"7,320",,"1,019",,***,,54,,***,,***,,***,,***,,***,,***,,***,,***,,***,,3,,3,,1,,1,,"3,653",,***,,***,,***,,5,,***,,***,,63,
1980100000,1980,47201,Okinawa-ken Naha-shi,,"295,778",,"19,585",,***,,"1,242",,***,,***,,***,,***,,***,,***,,***,,***,,***,,39,,29,,13,,10,,"117,397",,***,,***,,***,,184,,***,,***,,"5,976",
1980100000,1980,47205,Okinawa-ken Ginowan-shi,,"62,549",,"3,104",,***,,204,,***,,***,,***,,***,,***,,***,,***,,***,,***,,10,,6,,3,,2,,"22,740",,***,,***,,***,,21,,***,,***,,"1,285",
1980100000,1980,47207,Okinawa-ken Ishigaki-shi,,"38,819",,"3,257",,***,,205,,***,,***,,***,,***,,***,,***,,***,,***,,***,,18,,19,,9,,3,,"16,579",,***,,***,,***,,14,,***,,***,,615,
1980100000,1980,47208,Okinawa-ken Urasoe-shi,,"70,282",,"3,150",,***,,236,,***,,***,,***,,***,,***,,***,,***,,***,,***,,12,,8,,3,,5,,"26,134",,***,,***,,***,,16,,***,,***,,"1,059",
1980100000,1980,47209,Okinawa-ken Nago-shi,,"45,991",,"4,493",,***,,266,,***,,***,,***,,***,,***,,***,,***,,***,,***,,15,,17,,8,,3,,"18,218",,***,,***,,***,,20,,***,,***,,608,
1980100000,1980,47210,Okinawa-ken Itoman-shi,,"42,239",,"3,743",,***,,234,,***,,***,,***,,***,,***,,***,,***,,***,,***,,8,,7,,4,,2,,"15,747",,***,,***,,***,,6,,***,,***,,443,
1980100000,1980,47211,Okinawa-ken Okinawa-shi,,"94,851",,"5,829",,***,,376,,***,,***,,***,,***,,***,,***,,***,,***,,***,,18,,13,,5,,5,,"34,348",,***,,***,,***,,36,,***,,***,,"2,209",
1980100000,1980,47212,Okinawa-ken Tomigusuku-shi,,"33,075",,"1,584",,***,,95,,***,,***,,***,,***,,***,,***,,***,,***,,***,,4,,4,,2,,2,,"12,460",,***,,***,,***,,6,,***,,***,,357,
1980100000,1980,47213,Okinawa-ken Uruma-shi,,"91,285",,"7,821",,***,,476,,***,,***,,***,,***,,***,,***,,***,,***,,***,,24,,22,,11,,5,,"33,783",,***,,***,,***,,22,,***,,***,,825,
1980100000,1980,47214,Okinawa-ken Miyakojima-shi,,"58,797",,"6,549",,***,,388,,***,,***,,***,,***,,***,,***,,***,,***,,***,,18,,19,,17,,4,,"23,989",,***,,***,,***,,23,,***,,***,,473,
1980100000,1980,47215,Okinawa-ken Nanjo-shi,,"34,124",,"3,149",,***,,208,,***,,***,,***,,***,,***,,***,,***,,***,,***,,8,,8,,5,,0,,"13,335",,***,,***,,***,,6,,***,,***,,241,
1980100000,1980,47301,Okinawa-ken Kunigami-son,,"6,873",,989,,***,,55,,***,,***,,***,,***,,***,,***,,***,,***,,***,,1,,9,,7,,0,,"3,164",,***,,***,,***,,6,,***,,***,,61,
1980100000,1980,47302,Okinawa-ken Ogimi-son,,"3,626",,835,,***,,49,,***,,***,,***,,***,,***,,***,,***,,***,,***,,2,,4,,1,,1,,"1,426",,***,,***,,***,,2,,***,,***,,8,
1980100000,1980,47303,Okinawa-ken Higashi-son,,"2,067",,274,,***,,12,,***,,***,,***,,***,,***,,***,,***,,***,,***,,2,,3,,3,,0,,951,,***,,***,,***,,1,,***,,***,,18,
1980100000,1980,47306,Okinawa-ken Nakijin-son,,"9,593",,"1,430",,***,,86,,***,,***,,***,,***,,***,,***,,***,,***,,***,,5,,5,,4,,1,,"4,243",,***,,***,,***,,2,,***,,***,,62,
1980100000,1980,47308,Okinawa-ken Motobu-cho,,"15,307",,"2,223",,***,,131,,***,,***,,***,,***,,***,,***,,***,,***,,***,,8,,7,,5,,1,,"6,473",,***,,***,,***,,6,,***,,***,,173,
1980100000,1980,47311,Okinawa-ken Onna-son,,"8,013",,"1,018",,***,,62,,***,,***,,***,,***,,***,,***,,***,,***,,***,,4,,5,,5,,0,,"3,496",,***,,***,,***,,1,,***,,***,,184,
1980100000,1980,47313,Okinawa-ken Ginoza-son,,"4,022",,527,,***,,38,,***,,***,,***,,***,,***,,***,,***,,***,,***,,3,,3,,1,,1,,"1,697",,***,,***,,***,,2,,***,,***,,31,
1980100000,1980,47314,Okinawa-ken Kin-cho,,"9,745",,826,,***,,58,,***,,***,,***,,***,,***,,***,,***,,***,,***,,3,,3,,1,,0,,"3,567",,***,,***,,***,,2,,***,,***,,167,
1980100000,1980,47315,Okinawa-ken Ie-son,,"5,039",,728,,***,,33,,***,,***,,***,,***,,***,,***,,***,,***,,***,,2,,2,,1,,0,,"2,435",,***,,***,,***,,1,,***,,***,,28,
1980100000,1980,47324,Okinawa-ken Yomitan-son,,"26,516",,"2,124",,***,,138,,***,,***,,***,,***,,***,,***,,***,,***,,***,,6,,5,,2,,1,,"9,350",,***,,***,,***,,1,,***,,***,,286,
1980100000,1980,47325,Okinawa-ken Kadena-cho,,"14,094",,"1,049",,***,,77,,***,,***,,***,,***,,***,,***,,***,,***,,***,,3,,2,,1,,0,,"5,068",,***,,***,,***,,3,,***,,***,,208,
1980100000,1980,47326,Okinawa-ken Chatan-cho,,"16,014",,992,,***,,63,,***,,***,,***,,***,,***,,***,,***,,***,,***,,4,,4,,1,,1,,"5,437",,***,,***,,***,,1,,***,,***,,217,
1980100000,1980,47327,Okinawa-ken Kitanakagusuku-son,,"12,210",,944,,***,,60,,***,,***,,***,,***,,***,,***,,***,,***,,***,,1,,1,,1,,0,,"4,535",,***,,***,,***,,3,,***,,***,,163,
1980100000,1980,47328,Okinawa-ken Nakagusuku-son,,"10,346",,972,,***,,65,,***,,***,,***,,***,,***,,***,,***,,***,,***,,2,,4,,1,,0,,"3,902",,***,,***,,***,,1,,***,,***,,79,
1980100000,1980,47329,Okinawa-ken Nishihara-cho,,"16,305",,"1,028",,***,,66,,***,,***,,***,,***,,***,,***,,***,,***,,***,,2,,3,,1,,1,,"6,095",,***,,***,,***,,2,,***,,***,,162,
1980100000,1980,47348,Okinawa-ken Yonabaru-cho,,"12,752",,853,,***,,63,,***,,***,,***,,***,,***,,***,,***,,***,,***,,3,,2,,1,,1,,"4,766",,***,,***,,***,,7,,***,,***,,199,
1980100000,1980,47350,Okinawa-ken Haebaru-cho,,"20,679",,"1,080",,***,,48,,***,,***,,***,,***,,***,,***,,***,,***,,***,,2,,2,,1,,1,,"7,798",,***,,***,,***,,3,,***,,***,,177,
1980100000,1980,47353,Okinawa-ken Tokashiki-son,,830,,142,,***,,5,,***,,***,,***,,***,,***,,***,,***,,***,,***,,1,,2,,1,,0,,459,,***,,***,,***,,1,,***,,***,,2,
1980100000,1980,47354,Okinawa-ken Zamami-son,,761,,189,,***,,10,,***,,***,,***,,***,,***,,***,,***,,***,,***,,1,,3,,3,,0,,436,,***,,***,,***,,2,,***,,***,,0,
1980100000,1980,47355,Okinawa-ken Aguni-son,,"1,086",,300,,***,,21,,***,,***,,***,,***,,***,,***,,***,,***,,***,,1,,1,,1,,0,,328,,***,,***,,***,,1,,***,,***,,0,
1980100000,1980,47356,Okinawa-ken Tonaki-son,,609,,170,,***,,7,,***,,***,,***,,***,,***,,***,,***,,***,,***,,1,,1,,1,,0,,254,,***,,***,,***,,1,,***,,***,,1,
1980100000,1980,47357,Okinawa-ken Minamidaito-son,,"1,640",,104,,***,,5,,***,,***,,***,,***,,***,,***,,***,,***,,***,,1,,1,,1,,0,,895,,***,,***,,***,,1,,***,,***,,2,
1980100000,1980,47358,Okinawa-ken Kitadaito-son,,658,,34,,***,,1,,***,,***,,***,,***,,***,,***,,***,,***,,***,,1,,1,,1,,0,,366,,***,,***,,***,,1,,***,,***,,2,
1980100000,1980,47359,Okinawa-ken Iheya-son,,"1,501",,254,,***,,13,,***,,***,,***,,***,,***,,***,,***,,***,,***,,1,,2,,2,,0,,822,,***,,***,,***,,1,,***,,***,,1,
1980100000,1980,47360,Okinawa-ken Izena-son,,"2,144",,375,,***,,19,,***,,***,,***,,***,,***,,***,,***,,***,,***,,1,,1,,1,,0,,"1,031",,***,,***,,***,,1,,***,,***,,2,
1980100000,1980,47361,Okinawa-ken Kumejima-cho,,"10,187",,"1,417",,***,,70,,***,,***,,***,,***,,***,,***,,***,,***,,***,,6,,6,,4,,1,,"4,343",,***,,***,,***,,4,,***,,***,,9,
1980100000,1980,47362,Okinawa-ken Yaese-cho,,"18,990",,"1,690",,***,,96,,***,,***,,***,,***,,***,,***,,***,,***,,***,,3,,4,,2,,2,,"7,287",,***,,***,,***,,1,,***,,***,,137,
1980100000,1980,47375,Okinawa-ken Tarama-son,,"1,667",,242,,***,,18,,***,,***,,***,,***,,***,,***,,***,,***,,***,,1,,1,,1,,0,,624,,***,,***,,***,,1,,***,,***,,2,
1980100000,1980,47381,Okinawa-ken Taketomi-cho,,"3,376",,513,,***,,22,,***,,***,,***,,***,,***,,***,,***,,***,,***,,0,,11,,9,,0,,"1,928",,***,,***,,***,,9,,***,,***,,10,
1980100000,1980,47382,Okinawa-ken Yonaguni-cho,,"2,119",,233,,***,,27,,***,,***,,***,,***,,***,,***,,***,,***,,***,,2,,3,,2,,0,,823,,***,,***,,***,,2,,***,,***,,14,